"CaseId";"Customer ID (CHOICE)";"Order Amount in EUR (CURRENCY)";"Order Status (CHOICE)";"Payment Type (CHOICE)";"Type of Goods (CHOICE)";"Customer Type (CHOICE)";"City (CHOICE)"
"10100";"10100";"137.6579094137149";"Delivered";"Bank Transfer";"T-shirt";"Standard";"Houston"
"10101";"10099";"129.9013976765999";"Delivered";"Bank Transfer";"T-shirt";"Standard";"San Francisco"
"10102";"10198";"185.10884346926966";"Delivered";"Credit Card";"T-shirt";"Standard";"Washington"
"10103";"10179";"111.1220255995083";"Delivered";"Credit Card";"T-shirt";"Standard";"New York"
"10104";"10008";"362.9452098674047";"Delivered";"Credit Card";"T-shirt";"Standard";"New York"
"10105";"10012";"138.95762335214403";"Delivered";"Credit Card";"T-shirt";"Standard";"Houston"
"10106";"10156";"223.51600070418303";"Delivered";"Credit Card";"T-shirt";"Standard";"Boston"
"10107";"10124";"64.24550077599949";"Delivered";"Credit Card";"T-shirt";"Standard";"New York"
"10108";"10031";"147.46699204917388";"Delivered";"Credit Card";"T-shirt";"Standard";"New York"
"10109";"10159";"324.16067299470143";"Delivered";"Credit Card";"T-shirt";"Standard";"Houston"
"10110";"10142";"166.86584623218607";"Delivered";"Credit Card";"T-shirt";"Standard";"Miami"
"10111";"10141";"164.00100812375084";"Delivered";"Credit Card";"T-shirt";"Standard";"Washington"
"10112";"10062";"320.6508093886269";"Delivered";"Bank Transfer";"T-shirt";"Standard";"Boston"
"10113";"10047";"359.9352032581162";"Delivered";"Credit Card";"T-shirt";"Standard";"New York"
"10114";"10115";"21.49077567683048";"Delivered";"Credit Card";"T-shirt";"Standard";"Boston"
"10115";"10046";"65.3754250434913";"Delivered";"Bank Transfer";"T-shirt";"Standard";"New York"
"10116";"10038";"240.1812084719141";"Delivered";"Bank Transfer";"T-shirt";"Standard";"Houston"
"10117";"10129";"69.55128744075373";"Delivered";"Credit Card";"T-shirt";"Standard";"Washington"
"10118";"10130";"340.6540021543181";"Delivered";"Bank Transfer";"T-shirt";"Standard";"Houston"
"10119";"10073";"313.96750843187647";"Delivered";"Credit Card";"T-shirt";"Standard";"Washington"
"10120";"10028";"290.7355967249639";"Delivered";"Bank Transfer";"T-shirt";"Standard";"Miami"
"10121";"10132";"121.7231606004064";"Delivered";"Credit Card";"T-shirt";"Standard";"New York"
"10122";"10083";"389.07575778979987";"Delivered";"Credit Card";"T-shirt";"Standard";"Boston"
"10123";"10063";"106.99247063934676";"Delivered";"Credit Card";"T-shirt";"Standard";"Miami"
"10124";"10074";"326.651067859665";"Delivered";"Bank Transfer";"T-shirt";"Standard";"Boston"
"10125";"10191";"237.4348314963217";"Delivered";"Credit Card";"T-shirt";"Standard";"New York"
"10126";"10147";"154.04855134627394";"Delivered";"Credit Card";"T-shirt";"Standard";"Houston"
"10127";"10047";"40.95063596940801";"Delivered";"Credit Card";"T-shirt";"Standard";"Houston"
"10128";"10084";"207.24079431856285";"Delivered";"Bank Transfer";"T-shirt";"Standard";"Washington"
"10129";"10191";"39.414262750286795";"Delivered";"Credit Card";"T-shirt";"Standard";"San Francisco"
"10130";"10123";"382.4005048611521";"Delivered";"Credit Card";"T-shirt";"Standard";"San Francisco"
"10131";"10171";"218.8826026045259";"Delivered";"Credit Card";"T-shirt";"Standard";"Houston"
"10132";"10014";"113.97057071075639";"Delivered";"Credit Card";"T-shirt";"Standard";"Washington"
"10133";"10092";"58.998055201996586";"Delivered";"Credit Card";"T-shirt";"Standard";"New York"
"10134";"10109";"264.78963247068964";"Delivered";"Bank Transfer";"T-shirt";"Standard";"New York"
"10135";"10051";"156.0529243556415";"Delivered";"Credit Card";"T-shirt";"Standard";"Washington"
"10136";"10037";"44.848199924219315";"Delivered";"Bank Transfer";"T-shirt";"Standard";"Houston"
"10137";"10133";"359.69140049125883";"Delivered";"Credit Card";"T-shirt";"Standard";"Miami"
"10138";"10147";"234.88290925310838";"Delivered";"Credit Card";"T-shirt";"Standard";"Houston"
"10139";"10104";"236.60003297063125";"Delivered";"Credit Card";"T-shirt";"Standard";"Miami"
"10140";"10145";"110.36493678084616";"Delivered";"Credit Card";"T-shirt";"Standard";"Houston"
"10141";"10013";"177.19024467570324";"Delivered";"Bank Transfer";"T-shirt";"Standard";"San Francisco"
"10142";"10150";"139.60267313638718";"Delivered";"Credit Card";"T-shirt";"Standard";"Houston"
"10143";"10011";"89.47368841731247";"Delivered";"Credit Card";"T-shirt";"Standard";"San Francisco"
"10144";"10112";"145.81666008139598";"Delivered";"Credit Card";"T-shirt";"Standard";"Houston"
"10145";"10139";"81.0060256359135";"Delivered";"Credit Card";"T-shirt";"Standard";"Miami"
"10146";"10023";"352.83900250795944";"Delivered";"Credit Card";"T-shirt";"Standard";"San Francisco"
"10147";"10147";"116.99946056492014";"Delivered";"Credit Card";"T-shirt";"Standard";"New York"
"10148";"10184";"167.7416603442206";"Delivered";"Credit Card";"T-shirt";"Standard";"Washington"
"10149";"10006";"296.55534925819154";"Delivered";"Credit Card";"T-shirt";"Standard";"San Francisco"
"10150";"10126";"297.2077126244743";"Delivered";"Credit Card";"T-shirt";"Standard";"Miami"
"10151";"10075";"137.58124390366146";"Delivered";"Credit Card";"T-shirt";"Standard";"Boston"
"10152";"10037";"193.66152429635451";"Delivered";"Credit Card";"T-shirt";"Standard";"Houston"
"10153";"10098";"20.75697626642195";"Delivered";"Credit Card";"T-shirt";"Standard";"Miami"
"10154";"10186";"350.66211266355555";"Delivered";"Bank Transfer";"T-shirt";"Standard";"Washington"
"10155";"10141";"83.50233655209811";"Delivered";"Credit Card";"T-shirt";"Standard";"San Francisco"
"10156";"10060";"224.7541313661809";"Delivered";"Credit Card";"T-shirt";"Standard";"Washington"
"10157";"10121";"319.59885319785315";"Delivered";"Credit Card";"T-shirt";"Standard";"Boston"
"10158";"10194";"66.64131799869429";"Delivered";"Credit Card";"T-shirt";"Standard";"Boston"
"10159";"10169";"237.78935973805693";"Delivered";"Credit Card";"T-shirt";"Standard";"Miami"
"10160";"10168";"287.9279402890175";"Delivered";"Bank Transfer";"T-shirt";"Standard";"San Francisco"
"10161";"10082";"201.2866163584073";"Delivered";"Credit Card";"T-shirt";"Standard";"New York"
"10162";"10194";"207.7616602140793";"Delivered";"Credit Card";"T-shirt";"Standard";"Miami"
"10163";"10018";"40.69197382037058";"Delivered";"Credit Card";"T-shirt";"Standard";"New York"
"10164";"10159";"120.59673197065192";"Delivered";"Credit Card";"T-shirt";"Standard";"San Francisco"
"10165";"10058";"186.45509568976578";"Delivered";"Bank Transfer";"T-shirt";"Standard";"New York"
"10166";"10057";"25.347982651155068";"Delivered";"Credit Card";"T-shirt";"Standard";"Houston"
"10167";"10048";"254.43781747469828";"Delivered";"Credit Card";"T-shirt";"Standard";"Boston"
"10168";"10095";"233.71353260759994";"Delivered";"Credit Card";"T-shirt";"Standard";"Washington"
"10169";"10096";"317.26022187407654";"Delivered";"Credit Card";"T-shirt";"Standard";"Miami"
"10170";"10161";"219.94663283053055";"Delivered";"Bank Transfer";"T-shirt";"Standard";"Boston"
"10171";"10097";"209.4975959764261";"Delivered";"Bank Transfer";"T-shirt";"Standard";"San Francisco"
"10172";"10112";"331.99552522454826";"Delivered";"Credit Card";"T-shirt";"Standard";"New York"
"10173";"10179";"208.14556574365173";"Delivered";"Credit Card";"T-shirt";"Standard";"San Francisco"
"10174";"10003";"334.85074064417194";"Delivered";"Credit Card";"T-shirt";"Standard";"Miami"
"10175";"10111";"167.33111561778753";"Delivered";"Credit Card";"T-shirt";"Standard";"New York"
"10176";"10065";"50.3065051802214";"Delivered";"Bank Transfer";"T-shirt";"Standard";"Boston"
"10177";"10156";"196.70751200526584";"Delivered";"Credit Card";"T-shirt";"Standard";"San Francisco"
"10178";"10023";"21.43220953827636";"Delivered";"Bank Transfer";"T-shirt";"Standard";"Miami"
"10179";"10010";"346.368457288277";"Delivered";"Credit Card";"T-shirt";"Standard";"Boston"
"10180";"10076";"281.1998345500832";"Delivered";"Credit Card";"T-shirt";"Standard";"New York"
"10181";"10078";"219.31838487152817";"Delivered";"Credit Card";"T-shirt";"Standard";"New York"
"10182";"10175";"360.7131817261139";"Delivered";"Credit Card";"T-shirt";"Standard";"San Francisco"
"10183";"10181";"384.715208688968";"Delivered";"Bank Transfer";"T-shirt";"Standard";"New York"
"10184";"10043";"173.62473697158237";"Delivered";"Credit Card";"T-shirt";"Standard";"New York"
"10185";"10026";"234.17922898784784";"Delivered";"Bank Transfer";"T-shirt";"Standard";"Miami"
"10186";"10151";"185.7611534912424";"Delivered";"Bank Transfer";"T-shirt";"Standard";"New York"
"10187";"10184";"60.01988107364751";"Delivered";"Bank Transfer";"T-shirt";"Standard";"Boston"
"10188";"10184";"50.50663561625409";"Delivered";"Credit Card";"T-shirt";"Standard";"San Francisco"
"10189";"10052";"119.66934155879703";"Delivered";"Bank Transfer";"T-shirt";"Standard";"New York"
"10190";"10102";"240.47937514714602";"Delivered";"Bank Transfer";"T-shirt";"Standard";"Boston"
"10191";"10176";"165.91155778905843";"Delivered";"Credit Card";"T-shirt";"Standard";"Miami"
"10192";"10193";"352.54868244755266";"Delivered";"Credit Card";"T-shirt";"Standard";"New York"
"10193";"10109";"270.4057176584746";"Delivered";"Credit Card";"T-shirt";"Standard";"Houston"
"10194";"10087";"134.54782381325904";"Delivered";"Credit Card";"T-shirt";"Standard";"Boston"
"10195";"10150";"223.65684633215733";"Delivered";"Credit Card";"T-shirt";"Standard";"San Francisco"
"10196";"10116";"287.47960984870343";"Delivered";"Bank Transfer";"T-shirt";"Standard";"Houston"
"10197";"10111";"381.3141881623591";"Delivered";"Credit Card";"T-shirt";"Standard";"New York"
"10198";"10142";"171.38745309618906";"Delivered";"Credit Card";"T-shirt";"Standard";"Houston"
"10199";"10047";"124.59037701006083";"Delivered";"Credit Card";"T-shirt";"Standard";"Washington"
"10200";"10172";"219.50197637071778";"Delivered";"Credit Card";"T-shirt";"Standard";"Houston"
"10201";"10053";"161.793996001888";"Delivered";"Bank Transfer";"T-shirt";"Standard";"Miami"
"10202";"10194";"366.21885723327347";"Delivered";"Credit Card";"T-shirt";"Standard";"Washington"
"10203";"10067";"395.29355236547315";"Delivered";"Credit Card";"T-shirt";"Standard";"Washington"
"10204";"10113";"332.14424618961203";"Delivered";"Bank Transfer";"T-shirt";"Standard";"Washington"
"10205";"10041";"276.4770105494598";"Delivered";"Credit Card";"T-shirt";"Standard";"New York"
"10206";"10012";"96.56934002257671";"Delivered";"Credit Card";"T-shirt";"Standard";"Washington"
"10207";"10102";"29.499137497113587";"Delivered";"Credit Card";"T-shirt";"Standard";"Miami"
"10208";"10023";"339.35922811935137";"Delivered";"Credit Card";"T-shirt";"Standard";"San Francisco"
"10209";"10118";"364.07567505083273";"Delivered";"Credit Card";"T-shirt";"Standard";"Houston"
"10210";"10156";"56.84638860468108";"Delivered";"Credit Card";"T-shirt";"Standard";"Washington"
"10211";"10125";"106.29560020678812";"Delivered";"Bank Transfer";"T-shirt";"Standard";"New York"
"10212";"10056";"60.97966287225575";"Delivered";"Credit Card";"T-shirt";"Standard";"San Francisco"
"10213";"10122";"379.4853241002111";"Delivered";"Credit Card";"T-shirt";"Standard";"Boston"
"10214";"10111";"388.552162069291";"Delivered";"Credit Card";"T-shirt";"Standard";"Boston"
"10215";"10176";"300.94469723211836";"Delivered";"Bank Transfer";"T-shirt";"Standard";"San Francisco"
"10216";"10110";"309.70583936975953";"Delivered";"Credit Card";"T-shirt";"Standard";"San Francisco"
"10217";"10133";"28.680044296432335";"Delivered";"Credit Card";"T-shirt";"Standard";"Miami"
"10218";"10006";"196.0996462121904";"Delivered";"Bank Transfer";"T-shirt";"Standard";"New York"
"10219";"10087";"375.4128483384293";"Delivered";"Credit Card";"T-shirt";"Standard";"Houston"
"10220";"10170";"222.29487655982004";"Delivered";"Credit Card";"T-shirt";"Standard";"New York"
"10221";"10069";"162.90533213500987";"Delivered";"Bank Transfer";"T-shirt";"Standard";"New York"
"10222";"10199";"38.3546396963532";"Delivered";"Credit Card";"T-shirt";"Standard";"San Francisco"
"10223";"10135";"367.65857100285444";"Delivered";"Bank Transfer";"T-shirt";"Standard";"Houston"
"10224";"10002";"54.06464762807981";"Delivered";"Credit Card";"T-shirt";"Standard";"Miami"
"10225";"10129";"270.7230616224599";"Delivered";"Credit Card";"T-shirt";"Standard";"Houston"
"10226";"10106";"183.61204908796887";"Delivered";"Credit Card";"T-shirt";"Standard";"Boston"
"10227";"10041";"242.53130624342526";"Delivered";"Credit Card";"T-shirt";"Standard";"Boston"
"10228";"10050";"35.184720673366186";"Delivered";"Bank Transfer";"T-shirt";"Standard";"San Francisco"
"10229";"10059";"217.02018467958817";"Delivered";"Credit Card";"T-shirt";"Standard";"Boston"
"10230";"10114";"147.72110892930579";"Delivered";"Bank Transfer";"T-shirt";"Standard";"Miami"
"10231";"10127";"250.95948151712759";"Delivered";"Credit Card";"T-shirt";"Standard";"Houston"
"10232";"10029";"206.37696606761818";"Delivered";"Bank Transfer";"T-shirt";"Standard";"Boston"
"10233";"10126";"311.94967674285607";"Delivered";"Credit Card";"T-shirt";"Standard";"Houston"
"10234";"10081";"76.4404375132297";"Delivered";"Bank Transfer";"T-shirt";"Standard";"Washington"
"10235";"10121";"166.19976536753714";"Delivered";"Credit Card";"T-shirt";"Standard";"San Francisco"
"10236";"10162";"169.4308511841995";"Delivered";"Credit Card";"T-shirt";"Standard";"Boston"
"10237";"10048";"49.977770248496384";"Delivered";"Credit Card";"T-shirt";"Standard";"Houston"
"10238";"10135";"118.82361187590575";"Delivered";"Bank Transfer";"T-shirt";"Standard";"San Francisco"
"10239";"10188";"194.56068550669727";"Delivered";"Credit Card";"T-shirt";"Standard";"San Francisco"
"10240";"10010";"232.14657056348355";"Delivered";"Bank Transfer";"T-shirt";"Standard";"Boston"
"10241";"10070";"300.9734755667676";"Delivered";"Bank Transfer";"T-shirt";"Standard";"Washington"
"10242";"10055";"188.10995836381778";"Delivered";"Bank Transfer";"T-shirt";"Standard";"Boston"
"10243";"10069";"378.61358330926817";"Delivered";"Bank Transfer";"T-shirt";"Standard";"Miami"
"10244";"10198";"116.75222317384298";"Delivered";"Credit Card";"T-shirt";"Standard";"Houston"
"10245";"10027";"118.79772005516095";"Delivered";"Credit Card";"T-shirt";"Standard";"New York"
"10246";"10066";"189.83362966409277";"Delivered";"Credit Card";"T-shirt";"Standard";"Houston"
"10247";"10162";"388.62802089017265";"Delivered";"Credit Card";"T-shirt";"Standard";"Houston"
"10248";"10175";"200.101546102398";"Delivered";"Credit Card";"T-shirt";"Standard";"New York"
"10249";"10196";"180.39921453567663";"Delivered";"Credit Card";"T-shirt";"Standard";"San Francisco"
"10250";"10029";"270.8756024357823";"Delivered";"Bank Transfer";"T-shirt";"Standard";"San Francisco"
"10251";"10023";"373.88545561995613";"Delivered";"Credit Card";"T-shirt";"Standard";"San Francisco"
"10252";"10133";"328.6762698879038";"Delivered";"Credit Card";"T-shirt";"Standard";"New York"
"10253";"10102";"62.918168755715264";"Delivered";"Bank Transfer";"T-shirt";"Standard";"New York"
"10254";"10094";"150.42746646022812";"Delivered";"Credit Card";"T-shirt";"Standard";"New York"
"10255";"10148";"289.80670567182597";"Delivered";"Bank Transfer";"T-shirt";"Standard";"Miami"
"10256";"10070";"117.08609099893084";"Delivered";"Bank Transfer";"T-shirt";"Standard";"Washington"
"10257";"10116";"181.64215865457683";"Delivered";"Bank Transfer";"T-shirt";"Standard";"Miami"
"10258";"10058";"50.51709233068351";"Delivered";"Bank Transfer";"T-shirt";"Standard";"New York"
"10259";"10048";"274.92795009157726";"Delivered";"Bank Transfer";"T-shirt";"Standard";"New York"
"10260";"10131";"257.4685341385392";"Delivered";"Credit Card";"T-shirt";"Standard";"Houston"
"10261";"10048";"266.01432530709667";"Delivered";"Bank Transfer";"T-shirt";"Standard";"Miami"
"10262";"10119";"114.59502917631231";"Delivered";"Credit Card";"T-shirt";"Standard";"New York"
"10263";"10197";"85.34709196194403";"Delivered";"Bank Transfer";"T-shirt";"Standard";"Boston"
"10264";"10135";"111.92324206875577";"Delivered";"Credit Card";"T-shirt";"Standard";"Washington"
"10265";"10016";"244.6877340195309";"Delivered";"Bank Transfer";"T-shirt";"Standard";"New York"
"10266";"10089";"214.69733449580642";"Delivered";"Bank Transfer";"T-shirt";"Standard";"Houston"
"10267";"10005";"214.21526064997462";"Delivered";"Credit Card";"T-shirt";"Standard";"Houston"
"10268";"10172";"159.80276860576453";"Delivered";"Credit Card";"T-shirt";"Standard";"Boston"
"10269";"10123";"71.85520818862366";"Delivered";"Credit Card";"T-shirt";"Standard";"San Francisco"
"10270";"10015";"95.57630416652934";"Delivered";"Credit Card";"T-shirt";"Standard";"New York"
"10271";"10178";"399.1547048010884";"Delivered";"Credit Card";"T-shirt";"Standard";"San Francisco"
"10272";"10129";"304.67429320585387";"Delivered";"Credit Card";"T-shirt";"Standard";"San Francisco"
"10273";"10017";"268.91788703078623";"Delivered";"Bank Transfer";"T-shirt";"Standard";"New York"
"10274";"10162";"398.8155902374899";"Delivered";"Credit Card";"T-shirt";"Standard";"Houston"
"10275";"10071";"264.328271167794";"Delivered";"Credit Card";"T-shirt";"Standard";"Houston"
"10276";"10190";"147.87682199610805";"Delivered";"Credit Card";"T-shirt";"Standard";"Boston"
"10277";"10140";"363.6162111898872";"Delivered";"Credit Card";"T-shirt";"Standard";"San Francisco"
"10278";"10186";"120.37689612383262";"Delivered";"Bank Transfer";"T-shirt";"Standard";"Washington"
"10279";"10109";"335.3410597441835";"Delivered";"Credit Card";"T-shirt";"Standard";"San Francisco"
"10280";"10080";"46.449745102497616";"Delivered";"Credit Card";"T-shirt";"Standard";"Miami"
"10281";"10084";"130.5321438898454";"Delivered";"Credit Card";"T-shirt";"Standard";"Boston"
"10282";"10082";"100.17562463237199";"Delivered";"Credit Card";"T-shirt";"Standard";"New York"
"10283";"10195";"291.1446794479513";"Delivered";"Credit Card";"T-shirt";"Standard";"New York"
"10284";"10179";"97.45192757295736";"Delivered";"Bank Transfer";"T-shirt";"Standard";"Washington"
"10285";"10006";"217.41824966561495";"Delivered";"Credit Card";"T-shirt";"Standard";"New York"
"10286";"10146";"24.282836988285347";"Delivered";"Credit Card";"T-shirt";"Standard";"New York"
"10287";"10002";"384.52055546488594";"Delivered";"Credit Card";"T-shirt";"Standard";"New York"
"10288";"10092";"305.24619905922594";"Delivered";"Credit Card";"T-shirt";"Standard";"San Francisco"
"10289";"10117";"131.29845566699828";"Delivered";"Credit Card";"T-shirt";"Standard";"Boston"
"10290";"10069";"303.6092921478401";"Delivered";"Credit Card";"T-shirt";"Standard";"San Francisco"
"10291";"10194";"243.82478249006996";"Delivered";"Credit Card";"T-shirt";"Standard";"Washington"
"10292";"10123";"328.1518580593181";"Delivered";"Credit Card";"T-shirt";"Standard";"Washington"
"10293";"10161";"124.65198665455844";"Delivered";"Bank Transfer";"T-shirt";"Standard";"Houston"
"10294";"10044";"28.84183653248666";"Delivered";"Credit Card";"T-shirt";"Standard";"Boston"
"10295";"10135";"99.65138182082862";"Delivered";"Bank Transfer";"T-shirt";"Standard";"Boston"
"10296";"10064";"61.304720161755554";"Delivered";"Credit Card";"T-shirt";"Standard";"Washington"
"10297";"10062";"170.6567680966468";"Delivered";"Credit Card";"T-shirt";"Standard";"Houston"
"10298";"10025";"145.318031411789";"Delivered";"Credit Card";"T-shirt";"Standard";"Miami"
"10299";"10136";"208.6649977189486";"Delivered";"Bank Transfer";"T-shirt";"Standard";"New York"
"10300";"10021";"216.18681725455784";"Delivered";"Credit Card";"T-shirt";"Standard";"Washington"
"10301";"10072";"362.8223450634196";"Delivered";"Credit Card";"T-shirt";"Standard";"Miami"
"10302";"10095";"372.8453291593625";"Delivered";"Credit Card";"T-shirt";"Standard";"Houston"
"10303";"10012";"396.2982240340416";"Delivered";"Credit Card";"T-shirt";"Standard";"Boston"
"10304";"10030";"342.9657951636303";"Delivered";"Credit Card";"T-shirt";"Standard";"Houston"
"10305";"10170";"152.00863360719643";"Delivered";"Credit Card";"T-shirt";"Standard";"Washington"
"10306";"10013";"232.11173389276837";"Delivered";"Credit Card";"T-shirt";"Standard";"Miami"
"10307";"10136";"306.51190436891005";"Delivered";"Credit Card";"T-shirt";"Standard";"Boston"
"10308";"10006";"192.5429863720902";"Delivered";"Credit Card";"T-shirt";"Standard";"Washington"
"10309";"10042";"44.26282639483915";"Delivered";"Bank Transfer";"T-shirt";"Standard";"New York"
"10310";"10022";"135.77981997871336";"Delivered";"Bank Transfer";"T-shirt";"Standard";"San Francisco"
"10311";"10177";"176.92522457398567";"Delivered";"Bank Transfer";"T-shirt";"Standard";"Houston"
"10312";"10075";"44.49534952572013";"Delivered";"Bank Transfer";"T-shirt";"Standard";"New York"
"10313";"10111";"29.05469924777298";"Delivered";"Credit Card";"T-shirt";"Standard";"Boston"
"10314";"10161";"105.36110859589493";"Delivered";"Credit Card";"T-shirt";"Standard";"Houston"
"10315";"10080";"379.47729115317986";"Delivered";"Credit Card";"T-shirt";"Standard";"Miami"
"10316";"10196";"280.67446954109056";"Delivered";"Credit Card";"T-shirt";"Standard";"Houston"
"10317";"10022";"232.14768923970377";"Delivered";"Bank Transfer";"T-shirt";"Standard";"Washington"
"10318";"10026";"288.72231474534874";"Delivered";"Credit Card";"T-shirt";"Standard";"Houston"
"10319";"10035";"336.69963569837734";"Delivered";"Credit Card";"T-shirt";"Standard";"Washington"
"10320";"10035";"113.15800269589258";"Delivered";"Bank Transfer";"T-shirt";"Standard";"Boston"
"10321";"10190";"328.8547276260301";"Delivered";"Credit Card";"T-shirt";"Standard";"Boston"
"10322";"10177";"225.03319488659366";"Delivered";"Credit Card";"T-shirt";"Standard";"Miami"
"10323";"10068";"197.75595206144206";"Delivered";"Credit Card";"T-shirt";"Standard";"Houston"
"10324";"10097";"337.76685664896314";"Delivered";"Bank Transfer";"T-shirt";"Standard";"Miami"
"10325";"10073";"349.09376113595243";"Delivered";"Credit Card";"T-shirt";"Standard";"New York"
"10326";"10152";"328.4369486267175";"Delivered";"Credit Card";"T-shirt";"Standard";"Miami"
"10327";"10112";"260.9147900244";"Delivered";"Credit Card";"T-shirt";"Standard";"Boston"
"10328";"10020";"55.70148044404727";"Delivered";"Credit Card";"T-shirt";"Standard";"Washington"
"10329";"10033";"66.40653753377205";"Delivered";"Credit Card";"T-shirt";"Standard";"Houston"
"10330";"10105";"113.99474113632056";"Delivered";"Bank Transfer";"T-shirt";"Standard";"Houston"
"10331";"10039";"381.8696741267704";"Delivered";"Credit Card";"T-shirt";"Standard";"San Francisco"
"10332";"10120";"321.66797584136594";"Delivered";"Credit Card";"T-shirt";"Standard";"Miami"
"10333";"10127";"347.7371636030506";"Delivered";"Credit Card";"T-shirt";"Standard";"Washington"
"10334";"10122";"187.59056690010073";"Delivered";"Bank Transfer";"T-shirt";"Standard";"Washington"
"10335";"10007";"278.6037402371087";"Delivered";"Bank Transfer";"T-shirt";"Standard";"Houston"
"10336";"10039";"76.40320044391669";"Delivered";"Bank Transfer";"T-shirt";"Standard";"Boston"
"10337";"10028";"39.84585609910518";"Delivered";"Bank Transfer";"T-shirt";"Standard";"Boston"
"10338";"10024";"52.20846060306821";"Delivered";"Credit Card";"T-shirt";"Standard";"New York"
"10339";"10071";"262.7287497181149";"Delivered";"Bank Transfer";"T-shirt";"Standard";"New York"
"10340";"10026";"67.26969821422838";"Delivered";"Bank Transfer";"T-shirt";"Standard";"San Francisco"
"10341";"10130";"63.28823330059421";"Delivered";"Bank Transfer";"T-shirt";"Standard";"San Francisco"
"10342";"10088";"341.20899098685396";"Delivered";"Credit Card";"T-shirt";"Standard";"Houston"
"10343";"10127";"237.68496211138927";"Delivered";"Bank Transfer";"T-shirt";"Standard";"San Francisco"
"10344";"10045";"66.48948280235155";"Delivered";"Credit Card";"T-shirt";"Standard";"New York"
"10345";"10145";"321.03969221480855";"Delivered";"Credit Card";"T-shirt";"Standard";"Washington"
"10346";"10161";"90.34384492402201";"Delivered";"Bank Transfer";"T-shirt";"Standard";"New York"
"10347";"10095";"308.9081286784229";"Delivered";"Bank Transfer";"T-shirt";"Standard";"Miami"
"10348";"10077";"87.49397882631803";"Delivered";"Credit Card";"T-shirt";"Standard";"Miami"
"10349";"10147";"123.3836037935729";"Delivered";"Credit Card";"T-shirt";"Standard";"Washington"
"10350";"10106";"59.21402125201379";"Delivered";"Credit Card";"T-shirt";"Standard";"Miami"
"10351";"10044";"271.13942586255644";"Delivered";"Bank Transfer";"T-shirt";"Standard";"Washington"
"10352";"10178";"296.20166276598223";"Delivered";"Credit Card";"T-shirt";"Standard";"Boston"
"10353";"10056";"258.3878946866331";"Delivered";"Credit Card";"T-shirt";"Standard";"Houston"
"10354";"10180";"361.86331330449434";"Delivered";"Bank Transfer";"T-shirt";"Standard";"San Francisco"
"10355";"10145";"246.46519370434962";"Delivered";"Credit Card";"T-shirt";"Standard";"New York"
"10356";"10080";"392.1764941522111";"Delivered";"Credit Card";"T-shirt";"Standard";"Washington"
"10357";"10128";"222.79927165568887";"Delivered";"Credit Card";"T-shirt";"Standard";"Boston"
"10358";"10145";"377.16986108244674";"Delivered";"Credit Card";"T-shirt";"Standard";"Houston"
"10359";"10035";"38.67395503447802";"Delivered";"Credit Card";"T-shirt";"Standard";"Miami"
"10360";"10171";"297.68584602219465";"Delivered";"Credit Card";"T-shirt";"Standard";"Washington"
"10361";"10197";"310.8587175098566";"Delivered";"Credit Card";"T-shirt";"Standard";"Washington"
"10362";"10175";"371.2750824172283";"Delivered";"Bank Transfer";"T-shirt";"Standard";"Washington"
"10363";"10152";"145.59053310966317";"Delivered";"Credit Card";"T-shirt";"Standard";"Miami"
"10364";"10031";"372.62203079462455";"Delivered";"Credit Card";"T-shirt";"Standard";"Miami"
"10365";"10176";"239.6290181300165";"Delivered";"Credit Card";"T-shirt";"Standard";"Houston"
"10366";"10120";"353.0255979019058";"Delivered";"Credit Card";"T-shirt";"Standard";"Washington"
"10367";"10037";"355.1980362239599";"Delivered";"Bank Transfer";"T-shirt";"Standard";"New York"
"10368";"10034";"275.1608204490765";"Delivered";"Credit Card";"T-shirt";"Standard";"Washington"
"10369";"10079";"139.49188495931332";"Delivered";"Credit Card";"T-shirt";"Standard";"Houston"
"10370";"10121";"81.06253984711068";"Delivered";"Bank Transfer";"T-shirt";"Standard";"Houston"
"10371";"10180";"183.46853460800457";"Delivered";"Credit Card";"T-shirt";"Standard";"New York"
"10372";"10137";"376.4624451154057";"Delivered";"Bank Transfer";"T-shirt";"Standard";"Boston"
"10373";"10012";"260.5957960008773";"Delivered";"Credit Card";"T-shirt";"Standard";"Miami"
"10374";"10118";"347.87934346306037";"Delivered";"Bank Transfer";"T-shirt";"Standard";"Miami"
"10375";"10170";"284.4281701748327";"Delivered";"Credit Card";"T-shirt";"Standard";"New York"
"10376";"10038";"218.303808871422";"Delivered";"Credit Card";"T-shirt";"Standard";"New York"
"10377";"10170";"310.5926069157322";"Delivered";"Credit Card";"T-shirt";"Standard";"New York"
"10378";"10177";"375.0765268160867";"Delivered";"Credit Card";"T-shirt";"Standard";"Miami"
"10379";"10032";"282.0293079248685";"Delivered";"Bank Transfer";"T-shirt";"Standard";"Miami"
"10380";"10171";"376.52551813678264";"Delivered";"Credit Card";"T-shirt";"Standard";"Houston"
"10381";"10193";"284.6341623841988";"Delivered";"Bank Transfer";"T-shirt";"Standard";"Washington"
"10382";"10159";"243.70453215696992";"Delivered";"Credit Card";"T-shirt";"Standard";"Boston"
"10383";"10038";"370.5646340820058";"Delivered";"Bank Transfer";"T-shirt";"Standard";"Boston"
"10384";"10067";"156.4182827429997";"Delivered";"Bank Transfer";"T-shirt";"Standard";"New York"
"10385";"10070";"374.53861994972397";"Delivered";"Bank Transfer";"T-shirt";"Standard";"Washington"
"10386";"10131";"258.3479305188788";"Delivered";"Bank Transfer";"T-shirt";"Standard";"Houston"
"10387";"10192";"114.92048024318345";"Delivered";"Credit Card";"T-shirt";"Standard";"Houston"
"10388";"10027";"371.07362414052193";"Delivered";"Credit Card";"T-shirt";"Standard";"Washington"
"10389";"10113";"27.116951714394464";"Delivered";"Credit Card";"T-shirt";"Standard";"San Francisco"
"10390";"10078";"256.23750126738696";"Delivered";"Bank Transfer";"T-shirt";"Standard";"Washington"
"10391";"10062";"58.85324633063163";"Delivered";"Credit Card";"T-shirt";"Standard";"Houston"
"10392";"10163";"373.19316299402965";"Delivered";"Credit Card";"T-shirt";"Standard";"Boston"
"10393";"10184";"329.45912781041335";"Delivered";"Bank Transfer";"T-shirt";"Standard";"Boston"
"10394";"10193";"333.0322851963486";"Delivered";"Bank Transfer";"T-shirt";"Standard";"Houston"
"10395";"10072";"223.46442384277674";"Delivered";"Credit Card";"T-shirt";"Standard";"Miami"
"10396";"10130";"192.22830439874915";"Delivered";"Credit Card";"T-shirt";"Standard";"Washington"
"10397";"10116";"318.10614197978606";"Delivered";"Bank Transfer";"T-shirt";"Standard";"New York"
"10398";"10031";"343.4916112515381";"Delivered";"Credit Card";"T-shirt";"Standard";"Boston"
"10399";"10147";"387.25071632103544";"Delivered";"Credit Card";"T-shirt";"Standard";"Miami"
"10400";"10115";"262.16268447584025";"Canceled";"Credit Card";"T-shirt";"Standard";"Miami"
"10401";"10001";"169.40567911223792";"Canceled";"Credit Card";"T-shirt";"Standard";"Houston"
"10402";"10008";"27.398562598978863";"Canceled";"Credit Card";"T-shirt";"Standard";"Boston"
"10403";"10106";"105.04316359478115";"Canceled";"Bank Transfer";"T-shirt";"Standard";"Washington"
"10404";"10063";"310.8789836252426";"Canceled";"Credit Card";"T-shirt";"Standard";"Boston"
"10405";"10196";"179.39705613414853";"Canceled";"Credit Card";"T-shirt";"Standard";"New York"
"10406";"10087";"213.81762249729633";"Canceled";"Bank Transfer";"T-shirt";"Standard";"San Francisco"
"10407";"10115";"222.82388014808953";"Canceled";"Bank Transfer";"T-shirt";"Standard";"Boston"
"10408";"10041";"337.74708950746384";"Canceled";"Credit Card";"T-shirt";"Standard";"Houston"
"10409";"10130";"94.2267901080331";"Canceled";"Credit Card";"T-shirt";"Standard";"Boston"
"10410";"10099";"190.9163046830667";"Delivered";"Credit Card";"T-shirt with Print";"Standard";"Boston"
"10411";"10105";"228.89577935529334";"Delivered";"Credit Card";"T-shirt with Print";"Standard";"Miami"
"10412";"10194";"209.0363343372627";"Delivered";"Credit Card";"T-shirt with Print";"Standard";"Miami"
"10413";"10080";"330.7421021948977";"Delivered";"Credit Card";"T-shirt with Print";"Standard";"Miami"
"10414";"10013";"285.60863517058795";"Delivered";"Credit Card";"T-shirt with Print";"Standard";"Miami"
"10415";"10045";"252.379351881709";"Delivered";"Credit Card";"T-shirt with Print";"Standard";"Miami"
"10416";"10001";"287.32141383266895";"Delivered";"Bank Transfer";"T-shirt with Print";"Standard";"San Francisco"
"10417";"10172";"335.150280035843";"Delivered";"Bank Transfer";"T-shirt with Print";"Standard";"New York"
"10418";"10191";"396.77624784413047";"Delivered";"Bank Transfer";"T-shirt with Print";"Standard";"Miami"
"10419";"10185";"145.8904710544212";"Delivered";"Credit Card";"T-shirt with Print";"Standard";"Miami"
"10420";"10065";"96.14522729005766";"Delivered";"Bank Transfer";"T-shirt with Print";"Standard";"Houston"
"10421";"10178";"152.05294117612638";"Delivered";"Bank Transfer";"T-shirt with Print";"Standard";"Houston"
"10422";"10149";"201.86012336508625";"Delivered";"Bank Transfer";"T-shirt with Print";"Standard";"Boston"
"10423";"10189";"268.3644680467079";"Delivered";"Credit Card";"T-shirt with Print";"Standard";"Houston"
"10424";"10074";"217.08217689560047";"Delivered";"Bank Transfer";"T-shirt with Print";"Standard";"New York"
"10425";"10155";"339.5377483476624";"Delivered";"Credit Card";"T-shirt with Print";"Standard";"San Francisco"
"10426";"10099";"215.72968581102822";"Delivered";"Credit Card";"T-shirt with Print";"Standard";"Boston"
"10427";"10111";"43.22845109315802";"Delivered";"Credit Card";"T-shirt with Print";"Standard";"Houston"
"10428";"10103";"162.70134015665178";"Delivered";"Bank Transfer";"T-shirt with Print";"Standard";"Boston"
"10429";"10171";"229.02952276777484";"Delivered";"Credit Card";"T-shirt with Print";"Standard";"New York"
"10430";"10097";"105.2864916041289";"Delivered";"Bank Transfer";"T-shirt with Print";"Standard";"New York"
"10431";"10102";"162.68876493438293";"Delivered";"Credit Card";"T-shirt with Print";"Standard";"Houston"
"10432";"10089";"367.2511191550518";"Delivered";"Credit Card";"T-shirt with Print";"Standard";"New York"
"10433";"10051";"95.14219181328234";"Delivered";"Credit Card";"T-shirt with Print";"Standard";"Houston"
"10434";"10050";"33.49137586260038";"Delivered";"Credit Card";"T-shirt with Print";"Standard";"New York"
"10435";"10031";"176.05348814123028";"Delivered";"Bank Transfer";"T-shirt with Print";"Standard";"New York"
"10436";"10145";"109.26084965819119";"Delivered";"Bank Transfer";"T-shirt with Print";"Standard";"New York"
"10437";"10026";"206.14800112579996";"Delivered";"Bank Transfer";"T-shirt with Print";"Standard";"Miami"
"10438";"10084";"271.16394931535956";"Delivered";"Bank Transfer";"T-shirt with Print";"Standard";"New York"
"10439";"10038";"80.33495982401928";"Delivered";"Credit Card";"T-shirt with Print";"Standard";"Houston"
"10440";"10002";"72.99390411667736";"Delivered";"Credit Card";"T-shirt with Print";"Standard";"Houston"
"10441";"10033";"208.25807992412342";"Delivered";"Credit Card";"T-shirt with Print";"Standard";"Houston"
"10442";"10141";"205.03757881543018";"Delivered";"Credit Card";"T-shirt with Print";"Standard";"Boston"
"10443";"10069";"157.53269295540673";"Delivered";"Credit Card";"T-shirt with Print";"Standard";"Boston"
"10444";"10107";"352.86813711535046";"Delivered";"Credit Card";"T-shirt with Print";"Standard";"San Francisco"
"10445";"10035";"138.2500997720477";"Delivered";"Bank Transfer";"T-shirt with Print";"Standard";"Washington"
"10446";"10048";"102.95273425463003";"Delivered";"Credit Card";"T-shirt with Print";"Standard";"Houston"
"10447";"10145";"42.017132468285595";"Delivered";"Credit Card";"T-shirt with Print";"Standard";"San Francisco"
"10448";"10101";"24.664694036459245";"Delivered";"Bank Transfer";"T-shirt with Print";"Standard";"Washington"
"10449";"10010";"188.81391773683075";"Delivered";"Credit Card";"T-shirt with Print";"Standard";"Boston"
"10450";"10176";"114.64593179816353";"Delivered";"Credit Card";"T-shirt with Print";"Standard";"Boston"
"10451";"10075";"317.4670207490397";"Delivered";"Credit Card";"T-shirt with Print";"Standard";"Boston"
"10452";"10106";"231.07622217607184";"Delivered";"Bank Transfer";"T-shirt with Print";"Standard";"Miami"
"10453";"10116";"100.19067715643416";"Delivered";"Bank Transfer";"T-shirt with Print";"Standard";"Boston"
"10454";"10177";"393.30058982568244";"Delivered";"Bank Transfer";"T-shirt with Print";"Standard";"San Francisco"
"10455";"10061";"230.59481348016578";"Delivered";"Credit Card";"T-shirt with Print";"Standard";"Boston"
"10456";"10025";"231.19383659550297";"Delivered";"Credit Card";"T-shirt with Print";"Standard";"Miami"
"10457";"10060";"156.3865139964266";"Delivered";"Credit Card";"T-shirt with Print";"Standard";"Washington"
"10458";"10034";"41.849207795625915";"Delivered";"Credit Card";"T-shirt with Print";"Standard";"San Francisco"
"10459";"10191";"158.19425492454246";"Delivered";"Credit Card";"T-shirt with Print";"Standard";"Washington"
"10460";"10033";"310.87574851626925";"Delivered";"Credit Card";"T-shirt with Print";"Standard";"Boston"
"10461";"10180";"295.2900297827268";"Delivered";"Credit Card";"T-shirt with Print";"Standard";"Washington"
"10462";"10195";"249.11092461746475";"Delivered";"Credit Card";"T-shirt with Print";"Standard";"San Francisco"
"10463";"10193";"54.8933690610951";"Delivered";"Credit Card";"T-shirt with Print";"Standard";"Houston"
"10464";"10188";"70.5632982941423";"Delivered";"Credit Card";"T-shirt with Print";"Standard";"Boston"
"10465";"10099";"43.519853617854054";"Delivered";"Credit Card";"T-shirt with Print";"Standard";"Washington"
"10466";"10040";"268.22387033965924";"Delivered";"Credit Card";"T-shirt with Print";"Standard";"Washington"
"10467";"10137";"165.61879791351924";"Delivered";"Credit Card";"T-shirt with Print";"Standard";"Boston"
"10468";"10039";"282.53725379922065";"Delivered";"Credit Card";"T-shirt with Print";"Standard";"Houston"
"10469";"10067";"311.4643314044887";"Delivered";"Bank Transfer";"T-shirt with Print";"Standard";"San Francisco"
"10470";"10153";"259.6548020741054";"Delivered";"Bank Transfer";"T-shirt with Print";"Standard";"Houston"
"10471";"10145";"303.5399085141716";"Delivered";"Credit Card";"T-shirt with Print";"Standard";"Miami"
"10472";"10057";"260.2206244946675";"Delivered";"Credit Card";"T-shirt with Print";"Standard";"Miami"
"10473";"10177";"136.97806880709857";"Delivered";"Bank Transfer";"T-shirt with Print";"Standard";"Miami"
"10474";"10011";"364.53736152070917";"Delivered";"Credit Card";"T-shirt with Print";"Standard";"Boston"
"10475";"10046";"235.17341220197181";"Delivered";"Credit Card";"T-shirt with Print";"Standard";"Boston"
"10476";"10183";"67.24170875778668";"Delivered";"Bank Transfer";"T-shirt with Print";"Standard";"Washington"
"10477";"10103";"203.28208002579592";"Delivered";"Credit Card";"T-shirt with Print";"Standard";"Washington"
"10478";"10173";"369.13911882346883";"Delivered";"Bank Transfer";"T-shirt with Print";"Standard";"San Francisco"
"10479";"10180";"214.26724406656132";"Delivered";"Credit Card";"T-shirt with Print";"Standard";"Washington"
"10480";"10072";"97.81581624247394";"Delivered";"Credit Card";"T-shirt with Print";"Standard";"San Francisco"
"10481";"10069";"174.0998607555002";"Delivered";"Bank Transfer";"T-shirt with Print";"Standard";"Boston"
"10482";"10029";"276.9158912486132";"Delivered";"Credit Card";"T-shirt with Print";"Standard";"Miami"
"10483";"10192";"197.78959325070144";"Delivered";"Bank Transfer";"T-shirt with Print";"Standard";"San Francisco"
"10484";"10100";"229.60871655874297";"Delivered";"Credit Card";"T-shirt with Print";"Standard";"Washington"
"10485";"10175";"53.77674602850441";"Delivered";"Credit Card";"T-shirt with Print";"Standard";"Washington"
"10486";"10011";"276.1722596438949";"Delivered";"Credit Card";"T-shirt with Print";"Standard";"Miami"
"10487";"10039";"267.4223073884029";"Delivered";"Bank Transfer";"T-shirt with Print";"Standard";"Washington"
"10488";"10090";"108.37617247841841";"Delivered";"Bank Transfer";"T-shirt with Print";"Standard";"Miami"
"10489";"10054";"187.24253920596126";"Delivered";"Credit Card";"T-shirt with Print";"Standard";"Houston"
"10490";"10174";"26.648424732478446";"Delivered";"Bank Transfer";"T-shirt with Print";"Standard";"San Francisco"
"10491";"10052";"234.66760392610578";"Delivered";"Credit Card";"T-shirt with Print";"Standard";"New York"
"10492";"10078";"49.446653232756674";"Delivered";"Credit Card";"T-shirt with Print";"Standard";"Houston"
"10493";"10063";"222.29948758648422";"Delivered";"Credit Card";"T-shirt with Print";"Standard";"Washington"
"10494";"10113";"227.05143195670416";"Delivered";"Credit Card";"T-shirt with Print";"Standard";"Boston"
"10495";"10096";"277.4209133323402";"Delivered";"Credit Card";"T-shirt with Print";"Standard";"Miami"
"10496";"10153";"269.16773044439384";"Delivered";"Credit Card";"T-shirt with Print";"Standard";"Washington"
"10497";"10177";"252.43525874745782";"Delivered";"Bank Transfer";"T-shirt with Print";"Standard";"Boston"
"10498";"10081";"146.04183977897114";"Delivered";"Credit Card";"T-shirt with Print";"Standard";"Houston"
"10499";"10176";"352.44297593148656";"Delivered";"Credit Card";"T-shirt with Print";"Standard";"Washington"
"10500";"10091";"367.41887175513716";"Delivered";"Bank Transfer";"T-shirt with Print";"Standard";"Washington"
"10501";"10145";"88.13596371429537";"Delivered";"Credit Card";"T-shirt with Print";"Standard";"Washington"
"10502";"10048";"151.50289509901177";"Delivered";"Credit Card";"T-shirt with Print";"Standard";"Miami"
"10503";"10066";"378.22167385717216";"Delivered";"Credit Card";"T-shirt with Print";"Standard";"San Francisco"
"10504";"10162";"314.75538236299815";"Delivered";"Credit Card";"T-shirt with Print";"Standard";"Miami"
"10505";"10120";"222.80042441329368";"Delivered";"Bank Transfer";"T-shirt with Print";"Standard";"San Francisco"
"10506";"10040";"327.95299628411533";"Delivered";"Credit Card";"T-shirt with Print";"Standard";"Boston"
"10507";"10130";"272.48916766075763";"Delivered";"Credit Card";"T-shirt with Print";"Standard";"New York"
"10508";"10033";"189.25474590311956";"Delivered";"Bank Transfer";"T-shirt with Print";"Standard";"New York"
"10509";"10071";"250.1347095475415";"Delivered";"Credit Card";"T-shirt with Print";"Standard";"Houston"
"10510";"10055";"253.39873011045137";"Delivered";"Credit Card";"T-shirt with Print";"Standard";"Boston"
"10511";"10136";"169.2854078684637";"Delivered";"Credit Card";"T-shirt with Print";"Standard";"Miami"
"10512";"10199";"269.73624657182415";"Delivered";"Credit Card";"T-shirt with Print";"Standard";"Houston"
"10513";"10101";"34.23446709064613";"Delivered";"Credit Card";"T-shirt with Print";"Standard";"Houston"
"10514";"10041";"345.61056629456385";"Delivered";"Bank Transfer";"T-shirt with Print";"Standard";"Washington"
"10515";"10109";"349.81623194939294";"Delivered";"Bank Transfer";"T-shirt with Print";"Standard";"Miami"
"10516";"10182";"136.86602890052467";"Delivered";"Bank Transfer";"T-shirt with Print";"Standard";"Houston"
"10517";"10192";"87.95506756406427";"Delivered";"Credit Card";"T-shirt with Print";"Standard";"Houston"
"10518";"10161";"257.9938345461364";"Delivered";"Credit Card";"T-shirt with Print";"Standard";"New York"
"10519";"10035";"24.421810377361204";"Delivered";"Credit Card";"T-shirt with Print";"Standard";"San Francisco"
"10520";"10110";"274.92948543016837";"Delivered";"Credit Card";"T-shirt with Print";"Standard";"Miami"
"10521";"10020";"160.20224415073034";"Delivered";"Credit Card";"T-shirt with Print";"Standard";"Houston"
"10522";"10173";"184.99956351328055";"Delivered";"Credit Card";"T-shirt with Print";"Standard";"Boston"
"10523";"10003";"100.12516063651981";"Delivered";"Credit Card";"T-shirt with Print";"Standard";"Miami"
"10524";"10172";"183.6081819185309";"Delivered";"Bank Transfer";"T-shirt with Print";"Standard";"Miami"
"10525";"10025";"374.56498749513236";"Delivered";"Bank Transfer";"T-shirt with Print";"Standard";"Washington"
"10526";"10027";"243.7136544448762";"Delivered";"Credit Card";"T-shirt with Print";"Standard";"Houston"
"10527";"10103";"371.91989487390276";"Delivered";"Credit Card";"T-shirt with Print";"Standard";"Miami"
"10528";"10033";"151.7720422089586";"Delivered";"Credit Card";"T-shirt with Print";"Standard";"Miami"
"10529";"10121";"307.38624569424303";"Delivered";"Bank Transfer";"T-shirt with Print";"Standard";"Boston"
"10530";"10122";"83.35774484581249";"Delivered";"Credit Card";"T-shirt with Print";"Standard";"San Francisco"
"10531";"10172";"21.26863739732197";"Delivered";"Credit Card";"T-shirt with Print";"Standard";"Boston"
"10532";"10092";"41.98796164874878";"Delivered";"Credit Card";"T-shirt with Print";"Standard";"Miami"
"10533";"10068";"292.5883494035267";"Delivered";"Credit Card";"T-shirt with Print";"Standard";"Miami"
"10534";"10044";"20.90287853203604";"Delivered";"Bank Transfer";"T-shirt with Print";"Standard";"Washington"
"10535";"10161";"354.36693433271773";"Canceled";"Credit Card";"T-shirt with Print";"Standard";"New York"
"10536";"10050";"143.5860894586088";"Canceled";"Credit Card";"T-shirt with Print";"Standard";"Houston"
"10537";"10025";"30.70739866716543";"Canceled";"Credit Card";"T-shirt with Print";"Standard";"Washington"
"10538";"10053";"101.19757383831633";"Canceled";"Credit Card";"T-shirt with Print";"Standard";"Houston"
"10539";"10017";"375.1940431187934";"Canceled";"Credit Card";"T-shirt with Print";"Standard";"Houston"
"10540";"10094";"338.5455230549812";"Canceled";"Credit Card";"T-shirt with Print";"Standard";"San Francisco"
"10541";"10061";"31.924253476073012";"Canceled";"Credit Card";"T-shirt with Print";"Standard";"Washington"
"10542";"10083";"24.467809412754196";"Canceled";"Credit Card";"T-shirt with Print";"Standard";"Miami"
"10543";"10171";"165.62356285987488";"Canceled";"Bank Transfer";"T-shirt with Print";"Standard";"San Francisco"
"10544";"10154";"40.50260209617584";"Canceled";"Credit Card";"T-shirt with Print";"Standard";"Houston"
"10545";"10002";"305.02323387882086";"Canceled";"Bank Transfer";"T-shirt with Print";"Standard";"New York"
"10546";"10057";"94.70342500750381";"Canceled";"Bank Transfer";"T-shirt with Print";"Standard";"Washington"
"10547";"10185";"197.44869847065127";"Canceled";"Bank Transfer";"T-shirt with Print";"Standard";"San Francisco"
"10548";"10054";"176.72357084044782";"Canceled";"Credit Card";"T-shirt with Print";"Standard";"Miami"
"10549";"10078";"379.1156923964247";"Canceled";"Bank Transfer";"T-shirt with Print";"Standard";"Boston"
"10550";"10028";"140.9316474482797";"Canceled";"Bank Transfer";"T-shirt with Print";"Standard";"Washington"
"10551";"10132";"264.11002879859643";"Canceled";"Credit Card";"T-shirt with Print";"Standard";"Boston"
"10552";"10156";"122.93326342983679";"Canceled";"Credit Card";"T-shirt with Print";"Standard";"San Francisco"
"10553";"10139";"248.87127999866007";"Canceled";"Credit Card";"T-shirt with Print";"Standard";"Washington"
"10554";"10159";"240.76648655025198";"Canceled";"Bank Transfer";"T-shirt with Print";"Standard";"New York"
"10555";"10178";"43.96817356801812";"Delivered";"Credit Card";"T-shirt";"Premium";"San Francisco"
"10556";"10117";"292.0335377424689";"Delivered";"Credit Card";"T-shirt";"Premium";"Houston"
"10557";"10101";"298.2376907965304";"Delivered";"Credit Card";"T-shirt";"Premium";"Boston"
"10558";"10028";"325.6509398178947";"Delivered";"Bank Transfer";"T-shirt";"Premium";"San Francisco"
"10559";"10008";"185.76569285934474";"Delivered";"Credit Card";"T-shirt";"Premium";"Washington"
"10560";"10192";"66.9267204822672";"Delivered";"Credit Card";"T-shirt";"Premium";"New York"
"10561";"10082";"32.22636416007419";"Delivered";"Credit Card";"T-shirt";"Premium";"Houston"
"10562";"10118";"269.69333194813964";"Delivered";"Bank Transfer";"T-shirt";"Premium";"Washington"
"10563";"10022";"37.37301600797949";"Delivered";"Bank Transfer";"T-shirt";"Premium";"New York"
"10564";"10102";"360.3000589942677";"Delivered";"Credit Card";"T-shirt";"Premium";"Washington"
"10565";"10099";"283.8455141244516";"Delivered";"Bank Transfer";"T-shirt";"Premium";"Washington"
"10566";"10058";"147.4635419944061";"Delivered";"Credit Card";"T-shirt";"Premium";"New York"
"10567";"10068";"250.55610634749735";"Delivered";"Credit Card";"T-shirt";"Premium";"San Francisco"
"10568";"10076";"31.236296379123466";"Delivered";"Credit Card";"T-shirt";"Premium";"Houston"
"10569";"10101";"214.2680755694718";"Delivered";"Credit Card";"T-shirt";"Premium";"Houston"
"10570";"10076";"76.95561138043189";"Delivered";"Bank Transfer";"T-shirt";"Premium";"Boston"
"10571";"10052";"376.0991850018186";"Delivered";"Credit Card";"T-shirt";"Premium";"Washington"
"10572";"10064";"327.9378781352935";"Delivered";"Bank Transfer";"T-shirt";"Premium";"New York"
"10573";"10022";"333.3873204527471";"Delivered";"Credit Card";"T-shirt";"Premium";"San Francisco"
"10574";"10110";"260.51258515320177";"Delivered";"Credit Card";"T-shirt";"Premium";"Houston"
"10575";"10151";"61.700835619629274";"Delivered";"Credit Card";"T-shirt";"Premium";"Miami"
"10576";"10184";"121.50863409088194";"Delivered";"Credit Card";"T-shirt";"Premium";"Houston"
"10577";"10196";"296.3675525717669";"Delivered";"Credit Card";"T-shirt";"Premium";"Miami"
"10578";"10146";"22.264628133046134";"Delivered";"Credit Card";"T-shirt";"Premium";"New York"
"10579";"10012";"331.45970351060913";"Delivered";"Credit Card";"T-shirt";"Premium";"Washington"
"10580";"10014";"225.98400877176203";"Delivered";"Credit Card";"T-shirt";"Premium";"Houston"
"10581";"10054";"141.10170122761275";"Delivered";"Credit Card";"T-shirt";"Premium";"San Francisco"
"10582";"10098";"326.2008586118262";"Delivered";"Bank Transfer";"T-shirt";"Premium";"Washington"
"10583";"10090";"226.68204570642203";"Delivered";"Bank Transfer";"T-shirt";"Premium";"Houston"
"10584";"10124";"213.9344275084163";"Delivered";"Credit Card";"T-shirt";"Premium";"Washington"
"10585";"10121";"335.34181187171924";"Delivered";"Credit Card";"T-shirt";"Premium";"Houston"
"10586";"10123";"88.45102508913118";"Delivered";"Credit Card";"T-shirt";"Premium";"Washington"
"10587";"10014";"120.95164580926027";"Delivered";"Bank Transfer";"T-shirt";"Premium";"New York"
"10588";"10124";"103.31140296865642";"Delivered";"Bank Transfer";"T-shirt";"Premium";"Washington"
"10589";"10028";"100.28280711221554";"Delivered";"Bank Transfer";"T-shirt";"Premium";"Washington"
"10590";"10017";"346.68207844155563";"Delivered";"Bank Transfer";"T-shirt";"Premium";"Washington"
"10591";"10125";"46.78156400824132";"Delivered";"Credit Card";"T-shirt";"Premium";"Boston"
"10592";"10074";"389.82210021502925";"Delivered";"Credit Card";"T-shirt";"Premium";"Boston"
"10593";"10197";"252.100536437984";"Delivered";"Credit Card";"T-shirt";"Premium";"Miami"
"10594";"10190";"356.7425026128921";"Delivered";"Bank Transfer";"T-shirt";"Premium";"San Francisco"
"10595";"10034";"51.30187605069449";"Delivered";"Credit Card";"T-shirt";"Premium";"Miami"
"10596";"10168";"117.29989663315385";"Delivered";"Credit Card";"T-shirt";"Premium";"New York"
"10597";"10101";"20.36376788321863";"Delivered";"Credit Card";"T-shirt";"Premium";"Washington"
"10598";"10177";"104.36196938876239";"Delivered";"Credit Card";"T-shirt";"Premium";"Houston"
"10599";"10131";"229.16828024422483";"Delivered";"Credit Card";"T-shirt";"Premium";"New York"
"10600";"10049";"40.008244742511316";"Delivered";"Credit Card";"T-shirt";"Premium";"Boston"
"10601";"10020";"83.84433165858931";"Delivered";"Credit Card";"T-shirt";"Premium";"Boston"
"10602";"10189";"363.15632231956204";"Delivered";"Credit Card";"T-shirt";"Premium";"San Francisco"
"10603";"10131";"42.293218395405034";"Delivered";"Credit Card";"T-shirt";"Premium";"Boston"
"10604";"10073";"288.0268697275191";"Delivered";"Credit Card";"T-shirt";"Premium";"San Francisco"
"10605";"10025";"290.77100207876157";"Delivered";"Credit Card";"T-shirt";"Premium";"San Francisco"
"10606";"10183";"328.03498501462843";"Delivered";"Credit Card";"T-shirt";"Premium";"Boston"
"10607";"10190";"101.3316439876728";"Delivered";"Credit Card";"T-shirt";"Premium";"Washington"
"10608";"10025";"341.7961498880348";"Delivered";"Credit Card";"T-shirt";"Premium";"San Francisco"
"10609";"10090";"137.34958018977295";"Delivered";"Credit Card";"T-shirt";"Premium";"Washington"
"10610";"10146";"246.61029608498302";"Delivered";"Credit Card";"T-shirt";"Premium";"Washington"
"10611";"10060";"286.6147702754792";"Delivered";"Credit Card";"T-shirt";"Premium";"San Francisco"
"10612";"10108";"303.30535489665573";"Delivered";"Credit Card";"T-shirt";"Premium";"Houston"
"10613";"10168";"217.9145244512464";"Delivered";"Credit Card";"T-shirt";"Premium";"Houston"
"10614";"10199";"266.46766213692115";"Delivered";"Bank Transfer";"T-shirt";"Premium";"Houston"
"10615";"10182";"253.42897377533956";"Delivered";"Credit Card";"T-shirt";"Premium";"Miami"
"10616";"10167";"177.65353598235745";"Delivered";"Credit Card";"T-shirt";"Premium";"Houston"
"10617";"10113";"187.9969765396828";"Delivered";"Credit Card";"T-shirt";"Premium";"Washington"
"10618";"10089";"39.057397014045286";"Delivered";"Credit Card";"T-shirt";"Premium";"Houston"
"10619";"10134";"243.3956056281235";"Delivered";"Credit Card";"T-shirt";"Premium";"Boston"
"10620";"10051";"60.2093792533438";"Delivered";"Credit Card";"T-shirt";"Premium";"San Francisco"
"10621";"10133";"233.09080208595486";"Delivered";"Credit Card";"T-shirt";"Premium";"Miami"
"10622";"10091";"40.31621984956003";"Delivered";"Credit Card";"T-shirt";"Premium";"Boston"
"10623";"10162";"283.0535271098912";"Delivered";"Credit Card";"T-shirt";"Premium";"San Francisco"
"10624";"10052";"142.77173620149125";"Delivered";"Credit Card";"T-shirt";"Premium";"Boston"
"10625";"10005";"161.28487113188612";"Delivered";"Credit Card";"T-shirt";"Premium";"Washington"
"10626";"10082";"219.141689895942";"Delivered";"Credit Card";"T-shirt";"Premium";"New York"
"10627";"10075";"119.22890472288925";"Delivered";"Credit Card";"T-shirt";"Premium";"New York"
"10628";"10161";"329.31496600615475";"Delivered";"Credit Card";"T-shirt";"Premium";"Miami"
"10629";"10071";"160.745968046924";"Delivered";"Bank Transfer";"T-shirt";"Premium";"Houston"
"10630";"10106";"29.980943491118104";"Delivered";"Credit Card";"T-shirt";"Premium";"Miami"
"10631";"10185";"121.86881771332432";"Delivered";"Credit Card";"T-shirt";"Premium";"New York"
"10632";"10027";"23.11727774127571";"Delivered";"Bank Transfer";"T-shirt";"Premium";"Washington"
"10633";"10039";"254.42079024482203";"Delivered";"Credit Card";"T-shirt";"Premium";"Boston"
"10634";"10113";"283.6215146549434";"Delivered";"Bank Transfer";"T-shirt";"Premium";"Miami"
"10635";"10167";"390.3263877461776";"Delivered";"Credit Card";"T-shirt";"Premium";"Boston"
"10636";"10083";"239.50664475320144";"Delivered";"Credit Card";"T-shirt";"Premium";"New York"
"10637";"10078";"25.461691692700057";"Delivered";"Credit Card";"T-shirt";"Premium";"Washington"
"10638";"10129";"112.42140492673305";"Delivered";"Bank Transfer";"T-shirt";"Premium";"Boston"
"10639";"10162";"163.30702726132336";"Delivered";"Credit Card";"T-shirt";"Premium";"San Francisco"
"10640";"10017";"386.31152899202124";"Delivered";"Credit Card";"T-shirt";"Premium";"Miami"
"10641";"10075";"180.27143244558144";"Delivered";"Credit Card";"T-shirt";"Premium";"Boston"
"10642";"10175";"274.9743044265233";"Delivered";"Credit Card";"T-shirt";"Premium";"Boston"
"10643";"10042";"125.4031835229663";"Delivered";"Credit Card";"T-shirt";"Premium";"Houston"
"10644";"10002";"105.83487734919635";"Delivered";"Credit Card";"T-shirt";"Premium";"Boston"
"10645";"10089";"211.3711791106028";"Delivered";"Bank Transfer";"T-shirt";"Premium";"San Francisco"
"10646";"10194";"334.3890533266784";"Delivered";"Credit Card";"T-shirt";"Premium";"Washington"
"10647";"10141";"322.8852013435273";"Delivered";"Bank Transfer";"T-shirt";"Premium";"Boston"
"10648";"10128";"125.82343652106894";"Delivered";"Bank Transfer";"T-shirt";"Premium";"Boston"
"10649";"10080";"200.08570169686973";"Delivered";"Credit Card";"T-shirt";"Premium";"Washington"
"10650";"10114";"389.5684400712197";"Delivered";"Credit Card";"T-shirt";"Premium";"New York"
"10651";"10042";"145.35050246102912";"Delivered";"Bank Transfer";"T-shirt";"Premium";"San Francisco"
"10652";"10164";"197.968006846559";"Delivered";"Bank Transfer";"T-shirt";"Premium";"Boston"
"10653";"10183";"215.77464359862176";"Delivered";"Bank Transfer";"T-shirt";"Premium";"San Francisco"
"10654";"10114";"236.85408620851345";"Delivered";"Credit Card";"T-shirt";"Premium";"New York"
"10655";"10150";"267.76500404119986";"Delivered";"Credit Card";"T-shirt";"Premium";"Boston"
"10656";"10098";"141.57603031569468";"Delivered";"Credit Card";"T-shirt";"Premium";"Houston"
"10657";"10097";"100.34937135191309";"Delivered";"Credit Card";"T-shirt";"Premium";"Boston"
"10658";"10122";"350.588879752845";"Delivered";"Bank Transfer";"T-shirt";"Premium";"Houston"
"10659";"10075";"271.1817290682422";"Delivered";"Credit Card";"T-shirt";"Premium";"Miami"
"10660";"10091";"344.28553937316286";"Delivered";"Bank Transfer";"T-shirt";"Premium";"Miami"
"10661";"10079";"366.3362420106808";"Delivered";"Credit Card";"T-shirt";"Premium";"Houston"
"10662";"10041";"60.28266290728719";"Delivered";"Credit Card";"T-shirt";"Premium";"Boston"
"10663";"10144";"155.10541172554946";"Delivered";"Credit Card";"T-shirt";"Premium";"San Francisco"
"10664";"10112";"318.3894712557201";"Delivered";"Credit Card";"T-shirt";"Premium";"Washington"
"10665";"10048";"217.54890931056016";"Delivered";"Credit Card";"T-shirt";"Premium";"San Francisco"
"10666";"10146";"338.2441942244647";"Delivered";"Bank Transfer";"T-shirt";"Premium";"Houston"
"10667";"10123";"246.76513710185867";"Delivered";"Credit Card";"T-shirt";"Premium";"New York"
"10668";"10112";"198.32703705891913";"Delivered";"Credit Card";"T-shirt";"Premium";"Miami"
"10669";"10135";"192.7533531091192";"Delivered";"Credit Card";"T-shirt";"Premium";"New York"
"10670";"10065";"72.17139343076258";"Delivered";"Credit Card";"T-shirt";"Premium";"Boston"
"10671";"10109";"253.14667868837944";"Delivered";"Bank Transfer";"T-shirt";"Premium";"San Francisco"
"10672";"10161";"32.07721674141999";"Delivered";"Credit Card";"T-shirt";"Premium";"Houston"
"10673";"10188";"345.4216112183423";"Delivered";"Credit Card";"T-shirt";"Premium";"San Francisco"
"10674";"10071";"195.26152583696157";"Delivered";"Credit Card";"T-shirt";"Premium";"Boston"
"10675";"10155";"45.21402679606042";"Delivered";"Credit Card";"T-shirt";"Premium";"Miami"
"10676";"10005";"118.49630726300069";"Delivered";"Credit Card";"T-shirt";"Premium";"Houston"
"10677";"10061";"316.8623945659917";"Delivered";"Bank Transfer";"T-shirt";"Premium";"Boston"
"10678";"10016";"232.1294971045833";"Delivered";"Bank Transfer";"T-shirt";"Premium";"Boston"
"10679";"10008";"161.012289649427";"Delivered";"Bank Transfer";"T-shirt";"Premium";"Miami"
"10680";"10093";"316.0583717594017";"Delivered";"Credit Card";"T-shirt";"Premium";"New York"
"10681";"10084";"217.417635776983";"Delivered";"Credit Card";"T-shirt";"Premium";"Boston"
"10682";"10162";"134.76105034618888";"Delivered";"Credit Card";"T-shirt";"Premium";"New York"
"10683";"10039";"200.38103998756594";"Delivered";"Credit Card";"T-shirt";"Premium";"Miami"
"10684";"10079";"122.51220932133631";"Delivered";"Credit Card";"T-shirt";"Premium";"New York"
"10685";"10170";"224.14527233004316";"Delivered";"Credit Card";"T-shirt";"Premium";"Houston"
"10686";"10004";"260.5113838100163";"Delivered";"Credit Card";"T-shirt";"Premium";"New York"
"10687";"10115";"285.28021242271615";"Delivered";"Credit Card";"T-shirt with Print";"Premium";"San Francisco"
"10688";"10102";"178.8344077710032";"Delivered";"Bank Transfer";"T-shirt with Print";"Premium";"San Francisco"
"10689";"10139";"46.82637258413415";"Delivered";"Credit Card";"T-shirt with Print";"Premium";"San Francisco"
"10690";"10068";"147.617958404338";"Delivered";"Credit Card";"T-shirt with Print";"Premium";"San Francisco"
"10691";"10012";"118.17655753674119";"Delivered";"Credit Card";"T-shirt with Print";"Premium";"Washington"
"10692";"10178";"214.41407714674534";"Delivered";"Credit Card";"T-shirt with Print";"Premium";"Miami"
"10693";"10151";"330.69232480097196";"Delivered";"Credit Card";"T-shirt with Print";"Premium";"New York"
"10694";"10130";"84.61644786475243";"Delivered";"Credit Card";"T-shirt with Print";"Premium";"Washington"
"10695";"10004";"274.70456868342507";"Delivered";"Credit Card";"T-shirt with Print";"Premium";"Houston"
"10696";"10101";"39.513868552576575";"Delivered";"Credit Card";"T-shirt with Print";"Premium";"Washington"
"10697";"10173";"110.37799114153626";"Delivered";"Credit Card";"T-shirt with Print";"Premium";"San Francisco"
"10698";"10040";"78.80500882870885";"Delivered";"Credit Card";"T-shirt with Print";"Premium";"Miami"
"10699";"10157";"124.27996858995813";"Delivered";"Bank Transfer";"T-shirt with Print";"Premium";"Washington"
"10700";"10145";"132.35386586154047";"Delivered";"Credit Card";"T-shirt with Print";"Premium";"Boston"
"10701";"10186";"22.843169748767572";"Delivered";"Bank Transfer";"T-shirt with Print";"Premium";"New York"
"10702";"10165";"163.7159195283631";"Delivered";"Credit Card";"T-shirt with Print";"Premium";"Houston"
"10703";"10166";"132.98273499475772";"Delivered";"Credit Card";"T-shirt with Print";"Premium";"Washington"
"10704";"10087";"79.49283040284497";"Delivered";"Credit Card";"T-shirt with Print";"Premium";"New York"
"10705";"10074";"389.3102243753053";"Delivered";"Credit Card";"T-shirt with Print";"Premium";"San Francisco"
"10706";"10142";"304.6578367750925";"Delivered";"Bank Transfer";"T-shirt with Print";"Premium";"New York"
"10707";"10003";"37.050190576139414";"Delivered";"Credit Card";"T-shirt with Print";"Premium";"Houston"
"10708";"10008";"100.69593671114579";"Delivered";"Credit Card";"T-shirt with Print";"Premium";"Miami"
"10709";"10167";"36.81711620845523";"Delivered";"Credit Card";"T-shirt with Print";"Premium";"Houston"
"10710";"10150";"103.18088161675017";"Delivered";"Bank Transfer";"T-shirt with Print";"Premium";"Boston"
"10711";"10138";"50.951365085621106";"Delivered";"Bank Transfer";"T-shirt with Print";"Premium";"Miami"
"10712";"10121";"97.86760324598535";"Delivered";"Credit Card";"T-shirt with Print";"Premium";"New York"
"10713";"10099";"244.26306625274896";"Delivered";"Credit Card";"T-shirt with Print";"Premium";"New York"
"10714";"10187";"247.79908240553897";"Delivered";"Credit Card";"T-shirt with Print";"Premium";"Boston"
"10715";"10082";"125.19316968951536";"Delivered";"Credit Card";"T-shirt with Print";"Premium";"Washington"
"10716";"10113";"393.89950325767927";"Delivered";"Bank Transfer";"T-shirt with Print";"Premium";"Houston"
"10717";"10020";"209.82426295007483";"Delivered";"Credit Card";"T-shirt with Print";"Premium";"Boston"
"10718";"10074";"327.11637455590676";"Delivered";"Credit Card";"T-shirt with Print";"Premium";"Houston"
"10719";"10158";"138.34751799854087";"Delivered";"Credit Card";"T-shirt with Print";"Premium";"Boston"
"10720";"10184";"267.13151243908624";"Delivered";"Bank Transfer";"T-shirt with Print";"Premium";"Houston"
"10721";"10121";"280.65918623270113";"Delivered";"Credit Card";"T-shirt with Print";"Premium";"Boston"
"10722";"10097";"149.41057163928815";"Delivered";"Credit Card";"T-shirt with Print";"Premium";"San Francisco"
"10723";"10009";"31.956589821437422";"Delivered";"Bank Transfer";"T-shirt with Print";"Premium";"San Francisco"
"10724";"10108";"167.3585941153049";"Delivered";"Credit Card";"T-shirt with Print";"Premium";"Washington"
"10725";"10006";"92.25676018020074";"Delivered";"Credit Card";"T-shirt with Print";"Premium";"San Francisco"
"10726";"10157";"96.48124165174562";"Delivered";"Credit Card";"T-shirt with Print";"Premium";"Houston"
"10727";"10133";"68.09997690760795";"Delivered";"Credit Card";"T-shirt with Print";"Premium";"Washington"
"10728";"10157";"275.65710683509735";"Delivered";"Bank Transfer";"T-shirt with Print";"Premium";"New York"
"10729";"10147";"142.66490017885377";"Delivered";"Credit Card";"T-shirt with Print";"Premium";"Washington"
"10730";"10117";"241.5171371924459";"Delivered";"Credit Card";"T-shirt with Print";"Premium";"San Francisco"
"10731";"10124";"184.3032995407941";"Delivered";"Credit Card";"T-shirt with Print";"Premium";"Washington"
"10732";"10095";"174.0053414438401";"Delivered";"Credit Card";"T-shirt with Print";"Premium";"Houston"
"10733";"10007";"239.2803510588367";"Delivered";"Credit Card";"T-shirt with Print";"Premium";"Boston"
"10734";"10147";"396.64326523575335";"Delivered";"Bank Transfer";"T-shirt with Print";"Premium";"Boston"
"10735";"10145";"272.1317318983172";"Delivered";"Credit Card";"T-shirt with Print";"Premium";"Washington"
"10736";"10139";"60.423024481828065";"Delivered";"Bank Transfer";"T-shirt with Print";"Premium";"San Francisco"
"10737";"10062";"88.34378533189617";"Delivered";"Credit Card";"T-shirt with Print";"Premium";"San Francisco"
"10738";"10061";"207.91977959771697";"Delivered";"Credit Card";"T-shirt with Print";"Premium";"Washington"
"10739";"10139";"177.43209263672261";"Delivered";"Credit Card";"T-shirt with Print";"Premium";"Houston"
"10740";"10056";"37.85018936543902";"Delivered";"Credit Card";"T-shirt with Print";"Premium";"San Francisco"
"10741";"10133";"304.3483224280214";"Delivered";"Credit Card";"T-shirt with Print";"Premium";"New York"
"10742";"10018";"355.4041241436361";"Delivered";"Credit Card";"T-shirt with Print";"Premium";"New York"
"10743";"10048";"188.7701859710464";"Delivered";"Credit Card";"T-shirt with Print";"Premium";"San Francisco"
"10744";"10017";"40.921348391191046";"Delivered";"Credit Card";"T-shirt with Print";"Premium";"San Francisco"
"10745";"10154";"227.40044520792463";"Delivered";"Bank Transfer";"T-shirt with Print";"Premium";"Boston"
"10746";"10127";"244.98166612402116";"Delivered";"Bank Transfer";"T-shirt with Print";"Premium";"Washington"
"10747";"10113";"298.0972233637962";"Delivered";"Credit Card";"T-shirt with Print";"Premium";"Boston"
"10748";"10126";"209.24965190811096";"Delivered";"Credit Card";"T-shirt with Print";"Premium";"San Francisco"
"10749";"10092";"278.2422283349512";"Delivered";"Bank Transfer";"T-shirt with Print";"Premium";"Houston"
"10750";"10194";"169.2675947356132";"Delivered";"Credit Card";"T-shirt with Print";"Premium";"Boston"
"10751";"10068";"238.1676050775481";"Delivered";"Credit Card";"T-shirt with Print";"Premium";"San Francisco"
"10752";"10189";"379.85995744323026";"Delivered";"Credit Card";"T-shirt with Print";"Premium";"Houston"
"10753";"10068";"295.6848115259281";"Delivered";"Credit Card";"T-shirt with Print";"Premium";"Houston"
"10754";"10161";"167.34457616325844";"Delivered";"Credit Card";"T-shirt with Print";"Premium";"San Francisco"
"10755";"10133";"186.38800072493237";"Delivered";"Bank Transfer";"T-shirt with Print";"Premium";"New York"
"10756";"10058";"201.05222277840718";"Delivered";"Credit Card";"T-shirt with Print";"Premium";"Boston"
"10757";"10132";"135.75370478452132";"Delivered";"Credit Card";"T-shirt with Print";"Premium";"New York"
"10758";"10037";"91.05634099155054";"Delivered";"Bank Transfer";"T-shirt with Print";"Premium";"San Francisco"
"10759";"10047";"207.20598570116013";"Delivered";"Credit Card";"T-shirt with Print";"Premium";"Houston"
"10760";"10172";"260.9866691065646";"Delivered";"Credit Card";"T-shirt with Print";"Premium";"New York"
"10761";"10170";"343.1581332188803";"Delivered";"Bank Transfer";"T-shirt with Print";"Premium";"New York"
"10762";"10165";"354.57169704557487";"Delivered";"Bank Transfer";"T-shirt with Print";"Premium";"New York"
"10763";"10066";"331.1865475706352";"Delivered";"Credit Card";"T-shirt with Print";"Premium";"Washington"
"10764";"10154";"128.60521450767828";"Delivered";"Credit Card";"T-shirt with Print";"Premium";"Boston"
"10765";"10157";"30.467494010592453";"Delivered";"Credit Card";"T-shirt with Print";"Premium";"San Francisco"
"10766";"10129";"237.78316678119356";"Delivered";"Credit Card";"T-shirt with Print";"Premium";"Miami"
"10767";"10166";"114.37239176886146";"Delivered";"Credit Card";"T-shirt with Print";"Premium";"Washington"
"10768";"10049";"21.531096344011388";"Delivered";"Bank Transfer";"T-shirt with Print";"Premium";"New York"
"10769";"10118";"315.9683900712589";"Delivered";"Credit Card";"T-shirt with Print";"Premium";"Miami"
"10770";"10046";"217.25555900617348";"Delivered";"Credit Card";"T-shirt with Print";"Premium";"Boston"
"10771";"10080";"210.68348214876863";"Delivered";"Credit Card";"T-shirt with Print";"Premium";"Houston"
"10772";"10115";"88.5134453162975";"Delivered";"Credit Card";"T-shirt with Print";"Premium";"Houston"
"10773";"10025";"285.13881422477715";"Delivered";"Bank Transfer";"T-shirt with Print";"Premium";"New York"
"10774";"10069";"327.49969421950664";"Delivered";"Credit Card";"T-shirt with Print";"Premium";"Houston"
"10775";"10124";"259.98018402803484";"Delivered";"Bank Transfer";"T-shirt with Print";"Premium";"Washington"
"10776";"10029";"250.373602055024";"Delivered";"Credit Card";"T-shirt with Print";"Premium";"Houston"
"10777";"10086";"63.514142391919066";"Delivered";"Credit Card";"T-shirt with Print";"Premium";"San Francisco"
"10778";"10085";"395.58884949770555";"Delivered";"Credit Card";"T-shirt with Print";"Premium";"New York"
"10779";"10158";"307.0019099806192";"Delivered";"Bank Transfer";"T-shirt with Print";"Premium";"Washington"
"10780";"10138";"142.64916992341665";"Delivered";"Credit Card";"T-shirt with Print";"Premium";"San Francisco"
"10781";"10148";"268.2392978983479";"Delivered";"Credit Card";"T-shirt with Print";"Premium";"Houston"
"10782";"10083";"315.7147099237678";"Delivered";"Credit Card";"T-shirt with Print";"Premium";"Houston"
"10783";"10199";"266.01545538193886";"Delivered";"Credit Card";"T-shirt with Print";"Premium";"Houston"
"10784";"10191";"389.7699890035502";"Delivered";"Credit Card";"T-shirt with Print";"Premium";"San Francisco"
"10785";"10060";"390.9540709842588";"Delivered";"Credit Card";"T-shirt with Print";"Premium";"Washington"
"10786";"10131";"330.75925285961546";"Delivered";"Credit Card";"T-shirt with Print";"Premium";"Boston"
"10787";"10104";"141.49019248482517";"Delivered";"Credit Card";"T-shirt with Print";"Premium";"New York"
"10788";"10126";"48.96877434403712";"Delivered";"Credit Card";"T-shirt with Print";"Premium";"New York"
"10789";"10024";"352.4536272070151";"Delivered";"Credit Card";"T-shirt with Print";"Premium";"San Francisco"
"10790";"10146";"199.6193653547569";"Delivered";"Credit Card";"T-shirt with Print";"Premium";"Miami"
"10791";"10156";"353.58786094846744";"Delivered";"Bank Transfer";"T-shirt with Print";"Premium";"Miami"
"10792";"10091";"67.8550806725076";"Delivered";"Credit Card";"T-shirt with Print";"Premium";"Miami"
"10793";"10060";"329.8161231259939";"Delivered";"Credit Card";"T-shirt with Print";"Premium";"Boston"
"10794";"10133";"235.1753103233309";"Delivered";"Credit Card";"T-shirt with Print";"Premium";"Houston"
"10795";"10187";"215.9303298286133";"Delivered";"Bank Transfer";"T-shirt with Print";"Premium";"Boston"
"10796";"10129";"247.1451179424863";"Delivered";"Bank Transfer";"T-shirt with Print";"Premium";"New York"
"10797";"10120";"313.25942511037016";"Delivered";"Bank Transfer";"T-shirt with Print";"Premium";"Washington"
"10798";"10144";"150.8583973074924";"Delivered";"Bank Transfer";"T-shirt with Print";"Premium";"Boston"
"10799";"10180";"325.68344555914376";"Canceled";"Bank Transfer";"T-shirt with Print";"Premium";"San Francisco"
"10800";"10168";"373.95624446721683";"Canceled";"Credit Card";"T-shirt with Print";"Premium";"Miami"
"10801";"10197";"309.1957671224669";"Canceled";"Bank Transfer";"T-shirt with Print";"Premium";"Boston"
"10802";"10015";"207.35073075440107";"Canceled";"Credit Card";"T-shirt with Print";"Premium";"San Francisco"
"10803";"10119";"333.26638172574485";"Canceled";"Credit Card";"T-shirt with Print";"Premium";"Boston"
"10804";"10063";"54.82571956254812";"Canceled";"Credit Card";"T-shirt with Print";"Premium";"New York"
"10805";"10113";"202.71416975432393";"Canceled";"Credit Card";"T-shirt with Print";"Premium";"Boston"
"10806";"10180";"125.46665499384727";"Canceled";"Credit Card";"T-shirt with Print";"Premium";"Washington"
"10807";"10196";"258.6709731748806";"Canceled";"Credit Card";"T-shirt with Print";"Premium";"Boston"
"10808";"10127";"291.04917990944904";"Canceled";"Credit Card";"T-shirt with Print";"Premium";"Houston"
"10809";"10072";"261.8503989909122";"Canceled";"Bank Transfer";"T-shirt with Print";"Premium";"Washington"
"10810";"10048";"186.44123947415022";"Canceled";"Credit Card";"T-shirt with Print";"Premium";"Houston"
"10811";"10117";"61.752901778213634";"Canceled";"Credit Card";"T-shirt with Print";"Premium";"San Francisco"
"10812";"10154";"68.59607304324712";"Canceled";"Credit Card";"T-shirt with Print";"Premium";"New York"
"10813";"10012";"116.35625901037301";"Canceled";"Credit Card";"T-shirt with Print";"Premium";"San Francisco"
"10814";"10084";"316.84004450225734";"Canceled";"Credit Card";"T-shirt with Print";"Premium";"Miami"
"10815";"10070";"186.51547704797082";"Canceled";"Bank Transfer";"T-shirt with Print";"Premium";"Houston"
"10816";"10133";"49.959465540627285";"Canceled";"Bank Transfer";"T-shirt with Print";"Premium";"Washington"
"10817";"10193";"398.6137363227792";"Canceled";"Credit Card";"T-shirt with Print";"Premium";"Boston"
"10818";"10113";"89.75115619170909";"Canceled";"Credit Card";"T-shirt with Print";"Premium";"New York"
"10819";"10009";"313.4991038829895";"Canceled";"Credit Card";"T-shirt with Print";"Premium";"Miami"
"10820";"10193";"322.78162113304273";"Canceled";"Credit Card";"T-shirt with Print";"Premium";"New York"
"10821";"10111";"386.5048098495189";"Canceled";"Credit Card";"T-shirt with Print";"Premium";"Washington"
"10822";"10110";"122.47028530521348";"Canceled";"Credit Card";"T-shirt with Print";"Premium";"Houston"
"10823";"10082";"289.8852395815828";"Canceled";"Credit Card";"T-shirt with Print";"Premium";"Miami"
"10824";"10125";"317.6549074644222";"Canceled";"Bank Transfer";"T-shirt with Print";"Premium";"Boston"
"10825";"10166";"327.57837884274164";"Canceled";"Credit Card";"T-shirt with Print";"Premium";"Miami"
"10826";"10001";"180.32895795731497";"Canceled";"Credit Card";"T-shirt with Print";"Premium";"San Francisco"
"10827";"10122";"208.90032832185332";"Canceled";"Bank Transfer";"T-shirt with Print";"Premium";"San Francisco"
"10828";"10171";"126.82446533133941";"Canceled";"Credit Card";"T-shirt with Print";"Premium";"New York"
"10829";"10117";"214.45933367807686";"Canceled";"Credit Card";"T-shirt with Print";"Premium";"Miami"
"10830";"10181";"320.8878849866973";"Canceled";"Bank Transfer";"T-shirt with Print";"Premium";"Houston"
"10831";"10101";"96.4155560122871";"Canceled";"Bank Transfer";"T-shirt with Print";"Premium";"Houston"
"10832";"10040";"219.99827013748867";"Canceled";"Credit Card";"T-shirt with Print";"Premium";"San Francisco"
"10833";"10010";"377.2620716548311";"Canceled";"Bank Transfer";"T-shirt with Print";"Premium";"Washington"
"10834";"10185";"376.50374685654594";"Canceled";"Credit Card";"T-shirt with Print";"Premium";"San Francisco"
"10835";"10122";"110.93737966556307";"Canceled";"Bank Transfer";"T-shirt with Print";"Premium";"Boston"
"10836";"10044";"109.0954610506992";"Canceled";"Bank Transfer";"T-shirt with Print";"Premium";"Miami"
"10837";"10070";"181.21721672229492";"Canceled";"Credit Card";"T-shirt with Print";"Premium";"New York"
"10838";"10039";"239.46389730944418";"Canceled";"Credit Card";"T-shirt with Print";"Premium";"Miami"
"10839";"10071";"62.86897329185458";"Canceled";"Bank Transfer";"T-shirt with Print";"Premium";"Boston"
"10840";"10135";"352.0082709071194";"Canceled";"Credit Card";"T-shirt with Print";"Premium";"Miami"
"10841";"10173";"303.85346138244165";"Delivered";"Credit Card";"T-shirt";"Standard";"New York"
"10842";"10191";"393.05940426289766";"Delivered";"Credit Card";"T-shirt";"Standard";"San Francisco"
"10843";"10088";"208.5705934072424";"Delivered";"Credit Card";"T-shirt";"Standard";"Boston"
"10844";"10028";"187.1799024211351";"Delivered";"Credit Card";"T-shirt";"Standard";"Houston"
"10845";"10027";"189.56029846967888";"Delivered";"Credit Card";"T-shirt";"Standard";"Boston"
"10846";"10034";"378.17896413049914";"Delivered";"Credit Card";"T-shirt";"Standard";"Miami"
"10847";"10094";"289.11227582457815";"Delivered";"Credit Card";"T-shirt";"Standard";"New York"
"10848";"10116";"335.60132561397506";"Delivered";"Bank Transfer";"T-shirt";"Standard";"Miami"
"10849";"10169";"58.12052563895328";"Delivered";"Credit Card";"T-shirt";"Standard";"Boston"
"10850";"10021";"227.74115225950732";"Delivered";"Bank Transfer";"T-shirt";"Standard";"Houston"
"10851";"10142";"131.8205224329026";"Delivered";"Credit Card";"T-shirt";"Standard";"Washington"
"10852";"10111";"215.1673703040264";"Delivered";"Bank Transfer";"T-shirt";"Standard";"Boston"
"10853";"10112";"234.25597470384082";"Delivered";"Credit Card";"T-shirt";"Standard";"Houston"
"10854";"10046";"240.7216988329855";"Delivered";"Credit Card";"T-shirt";"Standard";"Miami"
"10855";"10146";"89.3644325986722";"Delivered";"Credit Card";"T-shirt";"Standard";"Houston"
"10856";"10158";"225.9796545342511";"Delivered";"Credit Card";"T-shirt";"Standard";"New York"
"10857";"10198";"222.06182620549296";"Delivered";"Credit Card";"T-shirt";"Standard";"Boston"
"10858";"10178";"307.54422858968934";"Delivered";"Credit Card";"T-shirt";"Standard";"Boston"
"10859";"10107";"192.41417819576694";"Delivered";"Bank Transfer";"T-shirt";"Standard";"Washington"
"10860";"10083";"120.60847468420899";"Delivered";"Credit Card";"T-shirt";"Standard";"Boston"
"10861";"10071";"128.91111902633733";"Delivered";"Credit Card";"T-shirt";"Standard";"Washington"
"10862";"10158";"317.96485975666104";"Delivered";"Credit Card";"T-shirt";"Standard";"Boston"
"10863";"10083";"337.6054771987737";"Delivered";"Bank Transfer";"T-shirt";"Standard";"Washington"
"10864";"10027";"383.1866496582523";"Delivered";"Credit Card";"T-shirt";"Standard";"Washington"
"10865";"10046";"188.38655961454654";"Delivered";"Bank Transfer";"T-shirt";"Standard";"Washington"
"10866";"10071";"355.3972561050679";"Delivered";"Credit Card";"T-shirt";"Standard";"Boston"
"10867";"10060";"316.2858329320362";"Delivered";"Credit Card";"T-shirt";"Standard";"Miami"
"10868";"10135";"353.3354968580957";"Delivered";"Credit Card";"T-shirt";"Standard";"Boston"
"10869";"10102";"231.25072663650843";"Delivered";"Credit Card";"T-shirt";"Standard";"Boston"
"10870";"10143";"138.7190611314822";"Delivered";"Credit Card";"T-shirt";"Standard";"Boston"
"10871";"10092";"354.9036090830398";"Delivered";"Credit Card";"T-shirt";"Standard";"Miami"
"10872";"10079";"42.51720258932724";"Delivered";"Credit Card";"T-shirt";"Standard";"Houston"
"10873";"10032";"222.01337793203598";"Delivered";"Credit Card";"T-shirt";"Standard";"New York"
"10874";"10043";"166.2280154285221";"Delivered";"Credit Card";"T-shirt";"Standard";"Washington"
"10875";"10019";"280.82209860261094";"Delivered";"Bank Transfer";"T-shirt";"Standard";"Miami"
"10876";"10015";"38.59618189814897";"Delivered";"Credit Card";"T-shirt with Print";"Standard";"Houston"
"10877";"10001";"239.975688789326";"Delivered";"Credit Card";"T-shirt with Print";"Standard";"Boston"
"10878";"10029";"353.48520372603065";"Delivered";"Credit Card";"T-shirt with Print";"Standard";"Boston"
"10879";"10174";"230.00887490443185";"Delivered";"Credit Card";"T-shirt with Print";"Standard";"Houston"
"10880";"10061";"56.28568958515012";"Delivered";"Credit Card";"T-shirt with Print";"Standard";"Miami"
"10881";"10158";"359.22621860943707";"Delivered";"Credit Card";"T-shirt with Print";"Standard";"San Francisco"
"10882";"10087";"151.25192829680435";"Delivered";"Bank Transfer";"T-shirt with Print";"Standard";"Boston"
"10883";"10055";"388.90188863253303";"Delivered";"Credit Card";"T-shirt with Print";"Standard";"Boston"
"10884";"10075";"167.2813508814186";"Delivered";"Credit Card";"T-shirt with Print";"Standard";"Miami"
"10885";"10036";"368.1919933755426";"Delivered";"Credit Card";"T-shirt with Print";"Standard";"San Francisco"
"10886";"10197";"176.29640069551434";"Delivered";"Credit Card";"T-shirt with Print";"Standard";"Boston"
"10887";"10192";"288.8477837850006";"Delivered";"Bank Transfer";"T-shirt with Print";"Standard";"Boston"
"10888";"10164";"228.26305746378137";"Delivered";"Credit Card";"T-shirt with Print";"Standard";"Boston"
"10889";"10123";"23.357118365042286";"Delivered";"Credit Card";"T-shirt with Print";"Standard";"Boston"
"10890";"10004";"376.83266352080875";"Delivered";"Credit Card";"T-shirt with Print";"Standard";"Miami"
"10891";"10055";"301.02492461461054";"Delivered";"Credit Card";"T-shirt with Print";"Standard";"San Francisco"
"10892";"10018";"273.50650390234307";"Delivered";"Credit Card";"T-shirt with Print";"Standard";"Boston"
"10893";"10185";"255.89070491468118";"Delivered";"Credit Card";"T-shirt with Print";"Standard";"Boston"
"10894";"10079";"366.3183049199472";"Delivered";"Bank Transfer";"T-shirt with Print";"Standard";"Boston"
"10895";"10021";"175.76834927687955";"Delivered";"Bank Transfer";"T-shirt with Print";"Standard";"Miami"
"10896";"10106";"210.23144941599173";"Delivered";"Credit Card";"T-shirt with Print";"Standard";"Boston"
"10897";"10102";"334.4265466370402";"Delivered";"Credit Card";"T-shirt with Print";"Standard";"Washington"
"10898";"10170";"266.93755687753406";"Delivered";"Credit Card";"T-shirt with Print";"Standard";"San Francisco"
"10899";"10158";"272.9617338229387";"Delivered";"Credit Card";"T-shirt with Print";"Standard";"Boston"
"10900";"10105";"252.9879500969102";"Delivered";"Credit Card";"T-shirt with Print";"Standard";"Houston"
"10901";"10107";"216.8162371202959";"Delivered";"Credit Card";"T-shirt with Print";"Standard";"New York"
"10902";"10143";"72.02216537226559";"Delivered";"Bank Transfer";"T-shirt with Print";"Standard";"San Francisco"
"10903";"10057";"374.1193948001557";"Delivered";"Credit Card";"T-shirt with Print";"Standard";"Boston"
"10904";"10081";"278.6884174436759";"Delivered";"Bank Transfer";"T-shirt with Print";"Standard";"Boston"
"10905";"10089";"132.3891569951237";"Delivered";"Credit Card";"T-shirt with Print";"Standard";"Washington"
"10906";"10117";"247.80836119886462";"Delivered";"Bank Transfer";"T-shirt with Print";"Standard";"Boston"
"10907";"10020";"330.4422489112406";"Delivered";"Credit Card";"T-shirt with Print";"Standard";"Boston"
"10908";"10100";"243.38079187604498";"Delivered";"Credit Card";"T-shirt with Print";"Standard";"Boston"
"10909";"10140";"308.02836433795375";"Delivered";"Credit Card";"T-shirt with Print";"Standard";"Boston"
"10910";"10087";"238.75120342218096";"Delivered";"Credit Card";"T-shirt with Print";"Standard";"Houston"
"10911";"10135";"133.45008330054316";"Delivered";"Credit Card";"T-shirt with Print";"Standard";"San Francisco"
"10912";"10067";"249.7608886420986";"Delivered";"Credit Card";"T-shirt with Print";"Standard";"Houston"
"10913";"10153";"287.00073142165746";"Delivered";"Credit Card";"T-shirt with Print";"Standard";"Boston"
"10914";"10036";"181.43935206542432";"Delivered";"Credit Card";"T-shirt with Print";"Standard";"New York"
"10915";"10087";"48.494809570885096";"Delivered";"Credit Card";"T-shirt with Print";"Standard";"Boston"
"10916";"10075";"46.259633400358965";"Delivered";"Credit Card";"T-shirt with Print";"Standard";"New York"
"10917";"10104";"90.47606799374863";"Delivered";"Credit Card";"T-shirt with Print";"Standard";"Washington"
"10918";"10112";"182.90502854951743";"Delivered";"Credit Card";"T-shirt with Print";"Standard";"Miami"
"10919";"10033";"370.1281455156743";"Delivered";"Credit Card";"T-shirt with Print";"Standard";"Boston"
"10920";"10177";"305.666957656075";"Delivered";"Credit Card";"T-shirt with Print";"Standard";"Boston"
"10921";"10071";"300.8980049305476";"Delivered";"Credit Card";"T-shirt with Print";"Standard";"Boston"
"10922";"10169";"115.85289923732448";"Delivered";"Credit Card";"T-shirt with Print";"Standard";"Boston"
"10923";"10083";"186.52871191358426";"Delivered";"Bank Transfer";"T-shirt";"Standard";"Houston"
"10924";"10187";"154.3516679708056";"Delivered";"Bank Transfer";"T-shirt";"Standard";"Boston"
"10925";"10158";"150.0818341504458";"Delivered";"Bank Transfer";"T-shirt";"Standard";"Boston"
"10926";"10020";"26.02473166940636";"Delivered";"Bank Transfer";"T-shirt";"Standard";"Miami"
"10927";"10122";"308.333432557133";"Delivered";"Bank Transfer";"T-shirt";"Standard";"Washington"
"10928";"10196";"234.64213896180658";"Delivered";"Bank Transfer";"T-shirt";"Standard";"San Francisco"
"10929";"10068";"285.8402759768473";"Delivered";"Bank Transfer";"T-shirt";"Standard";"Houston"
"10930";"10172";"367.4865628996375";"Delivered";"Bank Transfer";"T-shirt";"Standard";"Miami"
"10931";"10185";"138.13744071966698";"Delivered";"Bank Transfer";"T-shirt";"Standard";"Houston"
"10932";"10086";"300.13321956671757";"Delivered";"Bank Transfer";"T-shirt";"Standard";"Houston"
"10933";"10184";"126.50923891069841";"Delivered";"Bank Transfer";"T-shirt";"Standard";"Boston"
"10934";"10112";"355.3991487913023";"Delivered";"Bank Transfer";"T-shirt";"Standard";"Boston"
"10935";"10021";"332.375849900687";"Delivered";"Bank Transfer";"T-shirt";"Standard";"San Francisco"
"10936";"10068";"66.22756000250192";"Delivered";"Bank Transfer";"T-shirt";"Standard";"Washington"
"10937";"10117";"340.2510382127366";"Delivered";"Bank Transfer";"T-shirt";"Standard";"Washington"
"10938";"10050";"287.7552594955957";"Delivered";"Credit Card";"T-shirt";"Standard";"Boston"
"10939";"10009";"99.15989825393675";"Delivered";"Bank Transfer";"T-shirt";"Standard";"New York"
"10940";"10116";"354.4685431947627";"Delivered";"Credit Card";"T-shirt";"Standard";"Houston"
"10941";"10079";"320.9451915173084";"Delivered";"Bank Transfer";"T-shirt";"Standard";"Houston"
"10942";"10170";"250.610339100449";"Delivered";"Bank Transfer";"T-shirt";"Standard";"Miami"
"10943";"10088";"75.47816384438339";"Delivered";"Credit Card";"T-shirt";"Premium";"Houston"
"10944";"10039";"204.23043025852877";"Delivered";"Bank Transfer";"T-shirt";"Premium";"Washington"
"10945";"10139";"71.15898167060253";"Delivered";"Credit Card";"T-shirt";"Premium";"Boston"
"10946";"10059";"273.29272791044";"Delivered";"Bank Transfer";"T-shirt";"Premium";"Miami"
"10947";"10170";"381.62814603333345";"Delivered";"Bank Transfer";"T-shirt";"Premium";"Washington"
"10948";"10143";"30.37715155543327";"Delivered";"Bank Transfer";"T-shirt";"Premium";"San Francisco"
"10949";"10073";"111.67054337810697";"Delivered";"Bank Transfer";"T-shirt";"Premium";"Miami"
"10950";"10078";"231.70161073796254";"Delivered";"Bank Transfer";"T-shirt";"Premium";"Boston"
"10951";"10019";"180.61324793163956";"Delivered";"Bank Transfer";"T-shirt";"Premium";"New York"
"10952";"10158";"114.19946952252864";"Delivered";"Bank Transfer";"T-shirt";"Premium";"Boston"
"10953";"10005";"258.56079787951114";"Delivered";"Credit Card";"T-shirt";"Premium";"Miami"
"10954";"10080";"302.13286966928155";"Delivered";"Bank Transfer";"T-shirt";"Premium";"San Francisco"
"10955";"10135";"35.137793332222905";"Delivered";"Bank Transfer";"T-shirt";"Premium";"Boston"
"10956";"10187";"361.28059294882877";"Delivered";"Credit Card";"T-shirt";"Premium";"New York"
"10957";"10033";"50.04362705683463";"Delivered";"Bank Transfer";"T-shirt";"Premium";"Miami"
"10958";"10168";"78.07645482556472";"Delivered";"Credit Card";"T-shirt";"Premium";"San Francisco"
"10959";"10168";"152.79117222179738";"Delivered";"Credit Card";"T-shirt";"Premium";"Washington"
"10960";"10132";"213.23456255067453";"Delivered";"Bank Transfer";"T-shirt";"Premium";"Boston"
"10961";"10069";"264.6934118094713";"Delivered";"Credit Card";"T-shirt";"Premium";"Miami"
"10962";"10093";"272.60608183641364";"Delivered";"Bank Transfer";"T-shirt";"Premium";"New York"
"10963";"10148";"180.91938995719678";"Delivered";"Bank Transfer";"T-shirt";"Premium";"New York"
"10964";"10126";"184.96662687392467";"Delivered";"Bank Transfer";"T-shirt";"Premium";"San Francisco"
"10965";"10066";"382.8168172121335";"Delivered";"Bank Transfer";"T-shirt";"Premium";"Miami"
"10966";"10161";"222.81269814005924";"Delivered";"Bank Transfer";"T-shirt";"Premium";"Miami"
"10967";"10164";"127.3329545305852";"Delivered";"Bank Transfer";"T-shirt";"Premium";"Miami"
"10968";"10144";"330.15073684433645";"Delivered";"Bank Transfer";"T-shirt";"Premium";"San Francisco"
"10969";"10005";"60.588583310353215";"Delivered";"Bank Transfer";"T-shirt";"Premium";"Houston"
"10970";"10083";"342.2662078269309";"Delivered";"Bank Transfer";"T-shirt";"Premium";"Boston"
"10971";"10142";"394.5086074742294";"Delivered";"Bank Transfer";"T-shirt";"Premium";"Miami"
"10972";"10014";"395.96401365117777";"Delivered";"Bank Transfer";"T-shirt";"Premium";"Washington"
"10973";"10165";"103.49418723120164";"Delivered";"Bank Transfer";"T-shirt";"Premium";"Houston"
"10974";"10177";"63.69039068471275";"Delivered";"Bank Transfer";"T-shirt";"Premium";"New York"
"10975";"10064";"195.0991149327666";"Delivered";"Bank Transfer";"T-shirt";"Premium";"New York"
"10976";"10150";"26.548801671717044";"Delivered";"Credit Card";"T-shirt";"Premium";"Boston"
